type,obs,id,SMean,Sstdev,A,B,C,"A:absolute(individual measurement a,b,c -mean)/mean","B:absolute(individual measurement a,b,c -mean)/mean","C:absolute(individual measurement a,b,c -mean)/mean",sum(abc)/3,,,,
ID,1,23,35.42666667,0.485008591,35.43,35.91,34.94,9.40911E-05,0.013643207,0.013737298,0.009158198,,,,
ID,2,83,37.25,0.867467579,36.5,38.2,37.05,0.020134228,0.025503356,0.005369128,0.017002237,,,,
ID,3,71,37.37333333,0.962617958,38.48,36.91,36.73,0.029611131,0.012397431,0.0172137,0.019740754,,,,
ID,4,53,37.42666667,0.544456916,37.31,38.02,36.95,0.003117207,0.015853224,0.012736017,0.010568816,,,,
ID,5,6,38.02333333,0.60044428,38.05,38.61,37.41,0.000701324,0.015429122,0.016130446,0.010753631,,,,
ID,6,19,38.41666667,1.148491765,37.68,39.74,37.83,0.019175705,0.034446855,0.01527115,0.02296457,,,,
ID,7,33,38.88,0.910604195,39.04,39.7,37.9,0.004115226,0.021090535,0.025205761,0.016803841,,,,
ID,8,45,39.58333333,0.760350796,39.61,40.33,38.81,0.000673684,0.018863158,0.019536842,0.013024561,,,,
ID,9,78,39.67,2.484290643,42.51,37.9,38.6,0.071590623,0.044618099,0.026972523,0.047727082,,,,
ID,10,86,39.73333333,0.188237439,39.61,39.64,39.95,0.003104027,0.002348993,0.00545302,0.003635347,,,,
ID,11,38,40.00666667,0.493288286,40.34,40.24,39.44,0.008331945,0.005832361,0.014164306,0.009442871,,,,
ID,12,27,40.23333333,1.038524594,40.08,41.34,39.28,0.003811102,0.027506214,0.023695112,0.018337476,,,,
ID,13,95,40.41,0.845044378,40.26,41.32,39.65,0.003711952,0.022519178,0.018807226,0.015012786,,,,
ID,14,34,40.45333333,0.590028248,40.88,40.7,39.78,0.010547132,0.006097561,0.016644693,0.011096462,,,,
ID,15,14,40.50333333,0.98500423,39.9,41.64,39.97,0.014895893,0.028063534,0.013167641,0.018709023,,,,
ID,16,81,40.62,0.635531274,41.35,40.19,40.32,0.017971443,0.010585918,0.007385524,0.011980962,,,,
ID,17,3,40.78,1.281054253,40.84,42.03,39.47,0.001471309,0.030652281,0.03212359,0.021415727,,,,
ID,18,92,40.78,1.178855377,42.01,40.67,39.66,0.030161844,0.002697401,0.027464443,0.020107896,,,,
ID,19,84,40.90666667,0.140118997,40.9,40.77,41.05,0.000162973,0.003340939,0.003503911,0.002335941,,,,
ID,20,73,40.95,0.514198405,41.13,41.35,40.37,0.004395604,0.00976801,0.014163614,0.009442409,,,,
ID,21,97,41.1,0.105830052,41.14,41.18,40.98,0.000973236,0.001946472,0.002919708,0.001946472,,,,
ID,22,82,41.11666667,0.794753631,41.79,41.32,40.24,0.016376165,0.004945278,0.021321443,0.014214295,,,,
ID,23,25,41.15333333,0.80226762,41.55,41.68,40.23,0.009638749,0.012797667,0.022436417,0.014957611,,,,
ID,24,93,41.15333333,0.833386665,41.24,41.94,40.28,0.002105945,0.019115503,0.021221448,0.014147632,,,,
ID,25,13,41.28333333,0.023094011,41.31,41.27,41.27,0.000645943,0.000322971,0.000322971,0.000430628,,,,
ID,26,44,41.31333333,0.935111402,41.12,42.33,40.49,0.004679684,0.024608682,0.019928998,0.016405788,,,,
ID,27,29,41.48666667,1.320467089,42.96,41.09,40.41,0.035513418,0.009561305,0.025952113,0.023675612,,,,
ID,28,94,41.83333333,0.822030008,42.78,41.42,41.3,0.022629482,0.009880478,0.012749004,0.015086321,,,,
ID,29,90,41.96,0.391535439,42.4,41.83,41.65,0.010486177,0.003098189,0.007387989,0.006990785,,,,
ID,30,28,42.02,0.581033562,41.42,42.58,42.06,0.014278915,0.013326987,0.000951928,0.009519277,,,,
ID,31,35,42.13333333,0.361432336,42.39,42.29,41.72,0.006091772,0.003718354,0.009810127,0.006540084,,,,
ID,32,8,42.28333333,0.122202019,42.31,42.39,42.15,0.000630666,0.002522665,0.003153331,0.00210222,,,,
ID,33,40,42.31333333,0.49802945,42.87,41.91,42.16,0.013155822,0.009532062,0.003623759,0.008770548,,,,
ID,34,51,42.36,0.624259561,43.08,41.97,42.03,0.016997167,0.009206799,0.007790368,0.011331445,,,,
ID,35,87,42.37666667,0.195021366,42.24,42.6,42.29,0.003225045,0.005270196,0.002045151,0.003513464,,,,
ID,36,42,42.38333333,0.547205019,42.14,43.01,42,0.00574125,0.014785686,0.009044436,0.009857124,,,,
ID,37,18,42.78666667,0.503421626,42.92,43.21,42.23,0.003116236,0.009894048,0.013010284,0.008673522,,,,
ID,38,75,42.83333333,0.456544996,43.04,43.15,42.31,0.004824903,0.007392996,0.012217899,0.008145266,,,,
ID,39,7,42.85666667,0.281128678,42.72,43.18,42.67,0.003188924,0.007544528,0.004355604,0.005029686,,,,
ID,40,69,42.91666667,0.205507502,43.13,42.9,42.72,0.004970874,0.00038835,0.004582524,0.003313916,,,,
ID,41,16,42.98,0.723809367,42.71,43.8,42.43,0.006281992,0.019078641,0.01279665,0.012719094,,,,
ID,42,22,43.04333333,0.610437002,42.35,43.28,43.5,0.016107798,0.005498335,0.010609463,0.010738532,,,,
ID,43,77,43.15333333,0.195533458,43.34,43.17,42.95,0.00432566,0.00038622,0.00471188,0.003141253,,,,
ID,44,9,43.32666667,0.348185774,43.03,43.71,43.24,0.006847207,0.008847515,0.002000308,0.005898343,,,,
ID,45,46,43.41,0.746659226,43.11,44.26,42.86,0.00691085,0.019580742,0.012669892,0.013053828,,,,
ID,46,32,43.51,0.922388205,43.07,44.57,42.89,0.010112618,0.024362216,0.014249598,0.016241477,,,,
ID,47,57,43.55333333,0.366924152,43.78,43.75,43.13,0.005204347,0.004515537,0.009719884,0.006479922,,,,
ID,48,15,43.66666667,0.526909227,43.06,43.93,44.01,0.01389313,0.006030534,0.007862595,0.009262087,,,,
ID,49,91,43.71666667,0.240069434,43.71,43.96,43.48,0.000152497,0.005566146,0.005413648,0.003710764,,,,
ID,50,60,43.76333333,0.44613152,43.3,43.8,44.19,0.01058725,0.00083784,0.00974941,0.007058166,,,,
ID,51,55,43.92666667,0.904009587,44.64,44.23,42.91,0.016239187,0.006905448,0.023144635,0.015429757,,,,
ID,52,10,43.96,0.617332973,44.46,44.15,43.27,0.011373976,0.004322111,0.015696087,0.010464058,,,,
ID,53,12,44.01333333,0.961578563,43.71,45.09,43.24,0.006891851,0.024462284,0.017570433,0.016308189,,,,
ID,54,85,44.22,0.327871926,43.92,44.17,44.57,0.006784261,0.00113071,0.007914971,0.005276647,,,,
ID,55,1,44.33666667,1.0715565,43.52,45.55,43.94,0.018419668,0.027366363,0.008946696,0.018244242,,,,
ID,56,50,44.42333333,0.670099495,45.16,43.85,44.26,0.016582877,0.01290613,0.003676746,0.011055251,,,,
ID,57,89,44.43333333,0.665607492,45.02,44.57,43.71,0.013203301,0.003075769,0.01627907,0.010852713,,,,
ID,58,96,44.55,0.53693575,44.42,45.14,44.09,0.00291807,0.013243547,0.010325477,0.008829031,,,,
ID,59,2,44.62333333,1.015102622,44.34,45.75,43.78,0.006349443,0.025248375,0.018898932,0.01683225,,,,
ID,60,64,44.81,0.667757441,45.44,44.11,44.88,0.014059362,0.015621513,0.001562151,0.010414342,,,,
ID,61,36,44.90333333,0.457638868,44.96,45.33,44.42,0.00126197,0.009501893,0.010763863,0.007175909,,,,
ID,62,56,44.92666667,0.401040314,44.96,45.31,44.51,0.00074195,0.008532423,0.009274373,0.006182915,,,,
ID,63,88,45.18333333,1.631144792,43.64,46.89,45.02,0.034157138,0.03777204,0.003614902,0.02518136,,,,
ID,64,76,45.2,0.381575681,45.6,45.16,44.84,0.008849558,0.000884956,0.007964602,0.005899705,,,,
ID,65,80,45.33666667,0.972231111,46.37,45.2,44.44,0.022792442,0.003014484,0.019777958,0.015194961,,,,
ID,66,63,45.38333333,0.12858201,45.33,45.53,45.29,0.001175174,0.00323173,0.002056555,0.002154486,,,,
ID,67,24,45.40333333,0.159478316,45.22,45.48,45.51,0.004037883,0.001688569,0.002349314,0.002691922,,,,
ID,68,17,45.43333333,1.299397296,45.8,46.51,43.99,0.008070433,0.023697726,0.031768158,0.021178772,,,,
ID,69,79,45.56333333,0.809279515,45.99,46.07,44.63,0.009364255,0.011120053,0.020484308,0.013656205,,,,
ID,70,58,45.57333333,0.436157464,45.81,45.84,45.07,0.005193095,0.005851375,0.01104447,0.00736298,,,,
ID,71,21,45.62333333,0.483356321,45.31,46.18,45.38,0.006867831,0.012201359,0.005333528,0.008134239,,,,
ID,72,11,46.13,1.000149989,46.11,47.14,45.14,0.000433557,0.021894646,0.021461088,0.01459643,,,,
ID,73,20,46.31333333,0.426653646,46.27,46.76,45.91,0.000935656,0.009644451,0.008708795,0.006429634,,,,
ID,74,59,46.54666667,0.506589906,46.75,46.92,45.97,0.004368376,0.008020624,0.012389,0.008259334,,,,
ID,75,99,46.77333333,0.461988456,46.63,47.29,46.4,0.003064424,0.01104618,0.007981756,0.00736412,,,,
ID,76,4,47.06333333,1.175981859,46.73,48.37,46.09,0.007082655,0.027764006,0.020681351,0.018509337,,,,
ID,77,48,47.21666667,0.567479809,46.73,47.08,47.84,0.010307095,0.002894458,0.013201553,0.008801035,,,,
ID,78,49,47.28666667,0.559672523,47.8,46.69,47.37,0.010855773,0.012618074,0.001762301,0.008412049,,,,
ID,79,98,47.54,0.544426304,47.46,48.12,47.04,0.001682793,0.012200252,0.010517459,0.008133502,,,,
ID,80,52,47.72666667,0.852310585,48.65,47.56,46.97,0.019346277,0.003492108,0.01585417,0.012897518,,,,
ID,81,30,48.40333333,0.140118997,48.29,48.56,48.36,0.002341437,0.003236692,0.000895255,0.002157794,,,,
ID,82,41,48.71333333,0.325166624,48.36,49,48.78,0.007253319,0.005884768,0.001368551,0.004835546,,,,
ID,83,37,48.79333333,0.479826357,49.19,48.93,48.26,0.008129526,0.002800929,0.010930455,0.00728697,,,,
ID,84,5,48.96333333,1.453834012,48.37,50.62,47.9,0.012117911,0.033834842,0.021716931,0.022556562,,,,
ID,85,39,50.01,1.067192579,49.76,51.18,49.09,0.004999,0.023395321,0.018396321,0.015596881,,,,
ID,86,26,51.49,1.023279043,51.64,52.43,50.4,0.002913187,0.018255972,0.021169159,0.014112773,,,,
ID,87,74,51.60333333,0.419324854,51.87,51.82,51.12,0.005167625,0.004198695,0.00936632,0.006244213,,,,
ID,88,70,52.91333333,0.819288309,52.56,53.85,52.33,0.006677586,0.017701902,0.011024316,0.011801268,,,,
ID,89,67,53.11333333,0.587735768,53.78,52.67,52.89,0.012551776,0.008346931,0.004204845,0.008367851,,,,
ID,90,54,54.03333333,0.890748749,55.05,53.66,53.39,0.018815546,0.006909315,0.011906231,0.012543697,,,,
ID,91,68,54.39333333,0.858855828,54.6,53.45,55.13,0.003799485,0.017342812,0.013543326,0.011561874,,,,
ID,92,47,55.21666667,0.395263625,55.62,55.2,54.83,0.007304558,0.000301841,0.007002717,0.004869705,,,,
ID,93,62,55.48666667,0.619058425,56.2,55.17,55.09,0.012855941,0.005707077,0.007148865,0.008570628,,,,
ID,94,66,55.51,0.401497198,55.89,55.09,55.55,0.006845613,0.007566204,0.000720591,0.005044136,,,,
ID,95,31,56.7,0.439203825,56.63,57.17,56.3,0.001234568,0.008289242,0.007054674,0.005526161,,,,
ID,96,43,57.51,0.291032644,57.62,57.18,57.73,0.001912711,0.005738132,0.003825422,0.003825422,ID,SL,UJ,PP
ID,97,65,57.57,0.672681202,58.32,57.37,57.02,0.013027619,0.003474032,0.009553587,0.008685079,1.1,1.2,1,2.3
ID,98,61,57.67666667,0.638853139,58.15,57.93,56.95,0.008206669,0.004392302,0.012598971,0.008399314,,,,
ID,99,72,60.90333333,0.243789527,61.18,60.81,60.72,0.004542718,0.001532483,0.003010235,0.003028479,1.090053538,,,
SL,1,23,42.56666667,0.428291178,42.29,42.35,43.06,0.006499608,0.005090055,0.011589663,0.007726442,,,,
SL,2,83,40.36,0.680220552,39.67,40.38,41.03,0.017096135,0.00049554,0.016600595,0.011397423,,,,
SL,3,71,42.99666667,0.342393536,42.95,42.68,43.36,0.001085355,0.007364912,0.008450267,0.005633512,,,,
SL,4,53,43.27,0.276224546,43.58,43.18,43.05,0.007164317,0.002079963,0.005084354,0.004776211,,,,
SL,5,6,45.46666667,0.857574098,44.65,45.39,46.36,0.017961877,0.001686217,0.019648094,0.013098729,,,,
SL,6,19,45.15666667,0.587310253,44.63,45.05,45.79,0.011663099,0.002362147,0.014025245,0.009350164,,,,
SL,7,33,43.74666667,0.115902258,43.67,43.69,43.88,0.001752514,0.001295337,0.003047851,0.002031901,,,,
SL,8,45,47.46333333,0.951437509,46.78,48.55,47.06,0.014397078,0.022894866,0.008497788,0.015263244,,,,
SL,9,78,43.99,0.493659802,43.7,44.56,43.71,0.006592407,0.01295749,0.006365083,0.008638327,,,,
SL,10,86,44.43666667,0.229419557,44.7,44.28,44.33,0.005926037,0.003525617,0.00240042,0.003950691,,,,
SL,11,38,43.82,0.512640225,43.34,44.36,43.76,0.010953902,0.01232314,0.001369238,0.008215427,,,,
SL,12,27,44.83,1.375027272,44.25,46.4,43.84,0.012937765,0.035021191,0.022083426,0.023347461,,,,
SL,13,95,45.18666667,1.153140639,44.34,44.72,46.5,0.018737091,0.01032753,0.029064621,0.019376414,,,,
SL,14,34,47.94333333,0.290057466,47.65,48.23,47.95,0.006118334,0.005979281,0.000139053,0.004078889,,,,
SL,15,14,45.01666667,1.172191679,44.36,46.37,44.32,0.01458719,0.03006294,0.01547575,0.02004196,,,,
SL,16,81,45.57,0.954096431,44.51,45.84,46.36,0.023260917,0.005924951,0.017335967,0.015507278,,,,
SL,17,3,46.67,1.610341579,46.09,48.49,45.43,0.012427684,0.038997214,0.026569531,0.025998143,,,,
SL,18,92,46.06666667,0.616954888,45.96,45.51,46.73,0.002315485,0.012083936,0.014399421,0.009599614,,,,
SL,19,84,44.65,0.823953882,45.08,43.7,45.17,0.009630459,0.021276596,0.011646137,0.014184397,,,,
SL,20,73,44.78666667,1.044094504,44.68,43.8,45.88,0.002381661,0.022030366,0.024412027,0.016274685,,,,
SL,21,97,47.92666667,0.251661148,47.66,48.16,47.96,0.005564056,0.004868549,0.000695507,0.003709371,,,,
SL,22,82,47.61666667,0.76794097,46.73,48.07,48.05,0.018620931,0.009520476,0.009100455,0.012413954,,,,
SL,23,25,46.86,0.250599282,46.84,47.12,46.62,0.000426803,0.005548442,0.005121639,0.003698961,,,,
SL,24,93,47.03333333,0.784495592,47.35,46.14,47.61,0.006732814,0.018993622,0.012260808,0.012662414,,,,
SL,25,13,46.58333333,1.341056797,45.4,48.04,46.31,0.025402504,0.031270125,0.005867621,0.02084675,,,,
SL,26,44,45.96666667,0.877572409,44.98,46.66,46.26,0.02146483,0.015083394,0.006381436,0.014309886,,,,
SL,27,29,45.02333333,0.134288247,44.87,45.12,45.08,0.003405642,0.002147035,0.001258607,0.002270428,,,,
SL,28,94,47.44333333,0.890748749,46.8,47.07,48.46,0.013560037,0.007869037,0.021429073,0.014286049,,,,
SL,29,90,47.38333333,0.202072594,47.35,47.2,47.6,0.000703482,0.003869152,0.004572635,0.003048423,,,,
SL,30,28,49.08666667,0.747819051,48.64,48.67,49.95,0.009099552,0.008488388,0.01758794,0.011725293,,,,
SL,31,35,49.57,0.870689382,49.53,50.46,48.72,0.00080694,0.017954408,0.017147468,0.011969605,,,,
SL,32,8,47.77333333,0.747685317,46.95,47.96,48.41,0.017234161,0.00390734,0.013326821,0.011489441,,,,
SL,33,40,49.75,0.720208303,48.93,50.28,50.04,0.016482412,0.010653266,0.005829146,0.010988275,,,,
SL,34,51,46.44333333,0.366651515,46.3,46.17,46.86,0.003086198,0.005885308,0.008971506,0.005981004,,,,
SL,35,87,47.58333333,0.664028112,47.21,47.19,48.35,0.007845884,0.0082662,0.016112084,0.010741389,,,,
SL,36,42,47.89666667,0.557882903,47.26,48.3,48.13,0.013292505,0.008420906,0.004871599,0.00886167,,,,
SL,37,18,44.84666667,0.874604673,43.84,45.28,45.42,0.022446856,0.009662554,0.012784302,0.014964571,,,,
SL,38,75,48.90666667,1.247089946,48.07,48.31,50.34,0.017107415,0.012200109,0.029307525,0.01953835,,,,
SL,39,7,49.42666667,1.015299627,48.26,49.91,50.11,0.023603992,0.009778797,0.013825196,0.015735995,,,,
SL,40,69,49.93,0.84610874,49.88,49.11,50.8,0.001001402,0.016422992,0.017424394,0.011616263,,,,
SL,41,16,45.85666667,1.017906348,44.73,46.71,46.13,0.02456931,0.018608708,0.005960602,0.01637954,,,,
SL,42,22,45.76666667,1.125181467,44.53,46.73,46.04,0.027021122,0.021048798,0.005972323,0.018014081,,,,
SL,43,77,52.33666667,1.429557041,51.65,51.38,53.98,0.013120183,0.018279091,0.031399274,0.020932849,,,,
SL,44,9,47.25333333,0.777453107,46.38,47.51,47.87,0.018481941,0.005431716,0.013050226,0.012321294,,,,
SL,45,46,51.82,1.082912739,51.4,53.05,51.01,0.008104979,0.023736009,0.01563103,0.015824006,,,,
SL,46,32,47.36333333,0.75725381,46.54,47.52,48.03,0.017383349,0.003307763,0.014075586,0.011588899,,,,
SL,47,57,48.86666667,0.205507502,48.63,49,48.97,0.004843111,0.002728513,0.002114598,0.00322874,,,,
SL,48,15,50.98666667,1.205003458,50.86,52.25,49.85,0.00248431,0.02477772,0.02229341,0.01651848,,,,
SL,49,91,49,0.345108679,48.99,48.66,49.35,0.000204082,0.006938776,0.007142857,0.004761905,,,,
SL,50,60,48.49666667,0.830501856,48.11,47.93,49.45,0.007973057,0.011684652,0.019657708,0.013105139,,,,
SL,51,55,49.95,0.750199973,49.19,50.69,49.97,0.015215215,0.014814815,0.0004004,0.010143477,,,,
SL,52,10,50.59333333,0.960277738,49.5,51.3,50.98,0.021610225,0.013967585,0.007642641,0.014406817,,,,
SL,53,12,48.15666667,0.853600219,47.18,48.53,48.76,0.020281027,0.007752475,0.012528553,0.013520685,,,,
SL,54,85,48.50666667,0.418608807,48.57,48.06,48.89,0.001305662,0.009208356,0.007902694,0.006138904,,,,
SL,55,1,50.15666667,1.297009381,48.77,51.34,50.36,0.027646707,0.023592743,0.004053964,0.018431138,,,,
SL,56,50,47.56,1.117273467,46.3,48.43,47.95,0.026492851,0.018292683,0.008200168,0.017661901,,,,
SL,57,89,49.39333333,0.785005308,48.61,49.39,50.18,0.01585909,6.74855E-05,0.015926576,0.010617717,,,,
SL,58,96,49.55,0.42,49.55,49.13,49.97,0,0.008476287,0.008476287,0.005650858,,,,
SL,59,2,46.97333333,1.757621499,45.09,48.57,47.26,0.04009367,0.033990917,0.006102753,0.026729113,,,,
SL,60,64,48.73666667,0.39715656,48.29,48.87,49.05,0.0091649,0.002735791,0.006429109,0.006109933,,,,
SL,61,36,48.49333333,0.176162803,48.59,48.29,48.6,0.001993401,0.004193016,0.002199615,0.002795344,,,,
SL,62,56,51.16,0.14106736,51.01,51.18,51.29,0.002931978,0.00039093,0.002541048,0.001954652,,,,
SL,63,88,49.24333333,0.552479261,48.89,49.88,48.96,0.007175252,0.012928992,0.00575374,0.008619328,,,,
SL,64,76,48.31,1.009554357,47.19,49.15,48.59,0.023183606,0.017387704,0.005795901,0.015455737,,,,
SL,65,80,49.53,0.634113554,50.24,49.02,49.33,0.014334747,0.01029679,0.004037957,0.009556498,,,,
SL,66,63,48.93,0.849646986,48.4,48.48,49.91,0.010831801,0.009196812,0.020028612,0.013352408,,,,
SL,67,24,53.93666667,0.361155553,53.53,54.22,54.06,0.007539707,0.005253075,0.002286632,0.005026471,,,,
SL,68,17,48.72666667,0.418608807,48.28,49.11,48.79,0.009166781,0.007867013,0.001299767,0.006111187,,,,
SL,69,79,49.65666667,1.010016502,48.93,49.23,50.81,0.014633819,0.008592334,0.023226153,0.015484102,,,,
SL,70,58,50.98,1.174776575,50.42,50.19,52.33,0.0109847,0.015496273,0.026480973,0.017653982,,,,
SL,71,21,52.57666667,0.850019608,51.73,53.43,52.57,0.016103468,0.016230267,0.000126799,0.010820178,,,,
SL,72,11,52.71333333,1.146138444,51.39,53.36,53.39,0.025104338,0.012267611,0.012836727,0.016736225,,,,
SL,73,20,48.88333333,0.764874717,48.71,49.72,48.22,0.003545857,0.017115581,0.013569724,0.011410388,,,,
SL,74,59,51.84333333,1.08029317,51.55,53.04,50.94,0.005658072,0.023082364,0.017424291,0.015388242,,,,
SL,75,99,51.49,0.551089829,51.53,50.92,52.02,0.00077685,0.011070111,0.010293261,0.007380074,,,,
SL,76,4,54.38333333,0.591636149,53.71,54.62,54.82,0.012381244,0.004351823,0.008029421,0.008254163,,,,
SL,77,48,50.93333333,0.555097589,50.34,51.44,51.02,0.011649215,0.009947644,0.001701571,0.007766143,,,,
SL,78,49,53.37333333,0.430967903,53.82,52.96,53.34,0.008368723,0.007744192,0.000624532,0.005579149,,,,
SL,79,98,51.03666667,0.563234705,50.39,51.3,51.42,0.012670629,0.005159689,0.00751094,0.008447086,,,,
SL,80,52,52.94,0.886622806,53.63,51.94,53.25,0.013033623,0.018889309,0.005855686,0.012592872,,,,
SL,81,30,55.22,0.523067873,55.58,55.46,54.62,0.006519377,0.004346251,0.010865628,0.007243752,,,,
SL,82,41,52.00666667,1.279856763,51.37,53.48,51.17,0.01224202,0.028329701,0.016087681,0.018886468,,,,
SL,83,37,53.06666667,0.957305246,52.15,52.99,54.06,0.017273869,0.001444724,0.018718593,0.012479062,,,,
SL,84,5,53.14666667,1.132269108,51.85,53.94,53.65,0.024397893,0.014927245,0.009470647,0.016265262,,,,
SL,85,39,55.97,0.890168523,54.95,56.59,56.37,0.018224049,0.011077363,0.007146686,0.012149366,,,,
SL,86,26,59.00333333,0.205020324,58.88,58.89,59.24,0.002090277,0.001920795,0.004011073,0.002674049,,,,
SL,87,74,55.53666667,0.720370275,55.87,54.71,56.03,0.006002041,0.014885061,0.00888302,0.009923374,,,,
SL,88,70,57.06666667,1.492793801,57.79,55.35,58.06,0.012675234,0.030081776,0.017406542,0.020054517,,,,
SL,89,67,59.89,1.088622983,59.38,59.15,61.14,0.008515612,0.012355986,0.020871598,0.013914399,,,,
SL,90,54,60.50333333,0.65454819,59.96,60.32,61.23,0.008980221,0.003030136,0.012010358,0.008006905,,,,
SL,91,68,58.83,2.464467488,59.23,56.19,61.07,0.006799252,0.044875064,0.038075812,0.029916709,,,,
SL,92,47,60.35,0.906200861,59.73,59.93,61.39,0.010273405,0.006959403,0.017232809,0.011488539,,,,
SL,93,62,62.71666667,0.805253583,62.74,61.9,63.51,0.000372044,0.013021525,0.012649482,0.008681017,,,,
SL,94,66,61.24333333,1.023197602,60.07,61.71,61.95,0.019158548,0.007619877,0.011538671,0.012772365,,,,
SL,95,31,64.41333333,0.918168467,63.81,63.96,65.47,0.009366591,0.00703788,0.016404471,0.010936314,,,,
SL,96,43,63.10333333,0.757385855,62.23,63.58,63.5,0.013839734,0.007553748,0.006285986,0.009226489,,,,
SL,97,65,65.32666667,0.366105631,64.92,65.43,65.63,0.006225125,0.001581794,0.004643331,0.004150083,,,,
SL,98,61,62.31333333,0.693421469,61.73,62.13,63.08,0.009361292,0.00294212,0.012303413,0.008202275,,,,
SL,99,72,69.98666667,0.621154838,69.27,70.37,70.32,0.010240046,0.005477234,0.004762812,0.006826697,1.157188236,,,
UJ,1,23,53.93,0.632218317,53.36,54.61,53.82,0.010569256,0.012608938,0.002039681,0.008405958,,,,
UJ,2,83,52.85333333,1.322963844,51.65,52.64,54.27,0.022767407,0.004036327,0.026803734,0.017869156,,,,
UJ,3,71,55.34,1.818433392,56.68,53.27,56.07,0.02421395,0.037405132,0.013191182,0.024936755,,,,
UJ,4,53,55.62,0.20880613,55.48,55.86,55.52,0.00251708,0.004314995,0.001797914,0.002876663,,,,
UJ,5,6,60.36666667,0.574572305,60.14,61.02,59.94,0.003754832,0.01082275,0.007067918,0.007215167,,,,
UJ,6,19,57.51333333,1.007587879,56.61,58.6,57.33,0.015706503,0.018894169,0.003187667,0.012596113,,,,
UJ,7,33,56.82333333,0.884439559,55.81,57.44,57.22,0.01783305,0.010852349,0.0069807,0.0118887,,,,
UJ,8,45,61.87,2.215287792,59.52,63.92,62.17,0.037982867,0.033133991,0.004848877,0.025321912,,,,
UJ,9,78,57.55333333,0.713886079,56.73,58,57.93,0.014305572,0.007760917,0.006544654,0.009537048,,,,
UJ,10,86,57.41,0.714212853,56.62,57.6,58.01,0.013760669,0.003309528,0.010451141,0.009173779,,,,
UJ,11,38,56.16333333,0.990168336,55.12,56.28,57.09,0.01857677,0.002077275,0.016499496,0.012384513,,,,
UJ,12,27,59.26333333,0.688791212,59.39,58.52,59.88,0.002137353,0.012542888,0.010405535,0.008361925,,,,
UJ,13,95,56.10666667,0.927918818,55.41,55.75,57.16,0.012416825,0.006356939,0.018773764,0.012515843,,,,
UJ,14,34,60.58,0.987724658,59.98,61.72,60.04,0.009904259,0.018818092,0.008913833,0.012545395,,,,
UJ,15,14,58.28666667,0.735821536,57.46,58.53,58.87,0.014182775,0.004174768,0.010008006,0.009455183,,,,
UJ,16,81,62.3,1.747598352,63.15,60.29,63.46,0.01364366,0.032263242,0.018619583,0.021508828,,,,
UJ,17,3,59.07333333,0.23797759,58.86,59.03,59.33,0.003611331,0.000733552,0.004344882,0.002896588,,,,
UJ,18,92,61.11333333,1.153357418,61.35,59.86,62.13,0.003872586,0.020508345,0.016635759,0.01367223,,,,
UJ,19,84,60.01666667,1.155782563,58.8,60.15,61.1,0.020272147,0.002221605,0.018050542,0.013514764,,,,
UJ,20,73,59.42666667,0.539845657,59.51,58.85,59.92,0.001402289,0.009703837,0.008301548,0.006469224,,,,
UJ,21,97,62.92333333,0.707271754,62.52,62.51,63.74,0.006409917,0.00656884,0.012978757,0.008652505,,,,
UJ,22,82,63.45666667,0.880473358,62.44,63.96,63.97,0.016021432,0.007931922,0.00808951,0.010680955,,,,
UJ,23,25,60.45,0.508625599,59.98,60.99,60.38,0.007775021,0.008933002,0.001157982,0.005955335,,,,
UJ,24,93,60.58333333,0.710234703,59.79,61.16,60.8,0.013094911,0.009518569,0.003576341,0.00872994,,,,
UJ,25,13,58.19333333,0.565184336,57.7,58.07,58.81,0.008477489,0.002119372,0.010596861,0.007064574,,,,
UJ,26,44,56.73,1.334016492,55.19,57.47,57.53,0.027146131,0.013044245,0.014101886,0.018097421,,,,
UJ,27,29,59.97,0.990605875,59,60.98,59.93,0.016174754,0.016841754,0.000667,0.011227836,,,,
UJ,28,94,62.35,0.56,62.59,62.75,61.71,0.003849238,0.006415397,0.010264635,0.00684309,,,,
UJ,29,90,62.30333333,0.453688586,62.37,61.82,62.72,0.001070034,0.007757744,0.006687711,0.00517183,,,,
UJ,30,28,66.76666667,0.904230796,65.76,67.51,67.03,0.015077384,0.0111333,0.003944084,0.010051589,,,,
UJ,31,35,63.52,0.612862138,63.26,64.22,63.08,0.004093199,0.011020151,0.006926952,0.007346767,,,,
UJ,32,8,64.21333333,1.098650688,63.17,65.36,64.11,0.016247924,0.017857143,0.001609219,0.011904762,,,,
UJ,33,40,65.08666667,0.989663242,64.23,66.17,64.86,0.013161938,0.016644474,0.003482536,0.011096316,,,,
UJ,34,51,61.78,0.818352003,61.46,62.71,61.17,0.00517967,0.015053415,0.009873746,0.01003561,,,,
UJ,35,87,62.30666667,0.506491198,61.76,62.4,62.76,0.008773807,0.001497967,0.00727584,0.005849205,,,,
UJ,36,42,62.52,0.435775171,62.07,62.55,62.94,0.007197697,0.000479846,0.00671785,0.004798464,,,,
UJ,37,18,58.54,0.693974063,57.94,59.3,58.38,0.010249402,0.012982576,0.002733174,0.008655051,,,,
UJ,38,75,63.73,1.069018241,62.59,63.89,64.71,0.017887965,0.002510592,0.015377373,0.01192531,,,,
UJ,39,7,63.54666667,0.241108551,63.32,63.52,63.8,0.003566932,0.000419639,0.003986572,0.002657714,,,,
UJ,40,69,62.35,0.663023378,61.61,62.89,62.55,0.011868484,0.008660786,0.003207698,0.007912323,,,,
UJ,41,16,59.43333333,1.343961805,58.55,60.98,58.77,0.014862591,0.026023556,0.011160965,0.017349037,,,,
UJ,42,22,57.42666667,0.578302113,57.26,58.07,56.95,0.002902252,0.011202693,0.008300441,0.007468462,,,,
UJ,43,77,68.15,0.613921819,67.5,68.23,68.72,0.009537784,0.001173881,0.008363903,0.006358523,,,,
UJ,44,9,61.67333333,0.160416126,61.52,61.84,61.66,0.002486218,0.002702411,0.000216193,0.001801607,,,,
UJ,45,46,68.49,0.682861626,68.2,69.27,68,0.004234195,0.011388524,0.007154329,0.007592349,,,,
UJ,46,32,60.82,0.836241592,59.89,61.06,61.51,0.015291023,0.00394607,0.011344952,0.010194015,,,,
UJ,47,57,64.22,0.334215499,63.85,64.5,64.31,0.005761445,0.004360012,0.001401433,0.003840963,,,,
UJ,48,15,65.48,0.953572231,64.8,66.57,65.07,0.01038485,0.016646304,0.006261454,0.011097536,,,,
UJ,49,91,64.95,0.610491605,64.73,64.48,65.64,0.003387221,0.007236336,0.010623557,0.007082371,,,,
UJ,50,60,63.21,1.039663407,62.01,63.78,63.84,0.018984338,0.009017561,0.009966777,0.012656225,,,,
UJ,51,55,64.00333333,0.16563011,64.02,63.83,64.16,0.000260403,0.002708192,0.002447789,0.001805462,,,,
UJ,52,10,65.63333333,1.211459175,64.73,67.01,65.16,0.013763332,0.020975114,0.007211783,0.01398341,,,,
UJ,53,12,64.86,1.110720487,63.69,65.9,64.99,0.018038853,0.016034536,0.002004317,0.012025902,,,,
UJ,54,85,62.60333333,0.02081666,62.62,62.58,62.61,0.000266227,0.000372717,0.000106491,0.000248478,,,,
UJ,55,1,67.86,2.00367163,65.69,69.64,68.25,0.031977601,0.026230475,0.005747126,0.021318401,,,,
UJ,56,50,64.13333333,0.630026454,63.74,64.86,63.8,0.006133056,0.011330561,0.005197505,0.007553708,,,,
UJ,57,89,64.73333333,0.737586153,63.93,65.38,64.89,0.012409887,0.009989701,0.002420185,0.008273258,,,,
UJ,58,96,66.64,1.285612694,65.8,66,68.12,0.012605042,0.009603842,0.022208884,0.014805922,,,,
UJ,59,2,60.35333333,1.119568369,59.07,60.86,61.13,0.02126367,0.008395007,0.012868662,0.01417578,,,,
UJ,60,64,65.28333333,0.48438965,65.44,64.74,65.67,0.002399796,0.008322696,0.0059229,0.005548464,,,,
UJ,61,36,62.38333333,0.488091521,62.32,61.93,62.9,0.001015228,0.007266898,0.008282127,0.005521418,,,,
UJ,62,56,70.36333333,0.998465489,69.53,71.47,70.09,0.01184329,0.015727889,0.003884599,0.010485259,,,,
UJ,63,88,64.07666667,0.466082968,63.63,64.56,64.04,0.006970816,0.007543047,0.000572231,0.005028698,,,,
UJ,64,76,67.79666667,0.950385887,67.03,67.5,68.86,0.011308324,0.00437583,0.015684154,0.010456102,,,,
UJ,65,80,64.15333333,1.481226969,65.33,62.49,64.64,0.018341474,0.025927465,0.007585992,0.017284977,,,,
UJ,66,63,59.62333333,0.330050501,59.95,59.29,59.63,0.005478839,0.005590652,0.000111813,0.003727102,,,,
UJ,67,24,71.26333333,0.508953174,70.7,71.69,71.4,0.007904953,0.005987184,0.00191777,0.005269969,,,,
UJ,68,17,64.30666667,0.768266447,64.09,65.16,63.67,0.003369272,0.013269749,0.009900477,0.008846499,,,,
UJ,69,79,67.63,0.233023604,67.44,67.56,67.89,0.002809404,0.001035044,0.003844448,0.002562965,,,,
UJ,70,58,70.61,0.327871926,70.31,70.96,70.56,0.00424869,0.004956805,0.000708115,0.003304537,,,,
UJ,71,21,67.87333333,0.243378991,67.61,67.92,68.09,0.003879776,0.000687555,0.003192221,0.002586517,,,,
UJ,72,11,66.69333333,1.15889315,66.08,68.03,65.97,0.009196321,0.020041983,0.010845662,0.013361322,,,,
UJ,73,20,64.46666667,0.390683162,64.12,64.89,64.39,0.005377456,0.006566701,0.001189245,0.004377801,,,,
UJ,74,59,65.31,1.293251716,65.56,66.46,63.91,0.003827898,0.01760833,0.021436227,0.014290818,,,,
UJ,75,99,68.57333333,1.027148155,67.4,69.01,69.31,0.017110636,0.006367879,0.010742757,0.011407091,,,,
UJ,76,4,73.87666667,1.067020775,72.65,74.39,74.59,0.01660425,0.006948518,0.009655733,0.0110695,,,,
UJ,77,48,69.57333333,0.461446999,69.38,70.1,69.24,0.002778842,0.00756995,0.004791108,0.005046633,,,,
UJ,78,49,68.99333333,2.345087063,66.31,70.65,70.02,0.038892647,0.024011982,0.014880665,0.025928431,,,,
UJ,79,98,66.68666667,1.696653569,64.73,67.58,67.75,0.029341198,0.013395981,0.015945216,0.019560798,,,,
UJ,80,52,68.77,1.458869425,67.56,70.39,68.36,0.017594881,0.023556783,0.005961902,0.015704522,,,,
UJ,81,30,71.37,0.693974063,70.57,71.81,71.73,0.011209192,0.006165055,0.005044136,0.007472794,,,,
UJ,82,41,68.39,0.233880311,68.12,68.52,68.53,0.003947946,0.001900863,0.002047083,0.002631964,,,,
UJ,83,37,68.64,1.414779135,67.08,69,69.84,0.022727273,0.005244755,0.017482517,0.015151515,,,,
UJ,84,5,71.05333333,0.965418735,70.18,70.89,72.09,0.012291237,0.002298743,0.014589979,0.009726653,,,,
UJ,85,39,70.93333333,0.727621697,70.65,71.76,70.39,0.003994361,0.011654135,0.007659774,0.007769424,,,,
UJ,86,26,76.89,1.432619978,75.41,78.27,76.99,0.019248277,0.017947718,0.001300559,0.012832185,,,,
UJ,87,74,70.04333333,3.680547966,71.96,65.8,72.37,0.027364013,0.060581545,0.033217532,0.040387697,,,,
UJ,88,70,84.30666667,1.051871348,83.38,84.09,85.45,0.010991618,0.002569983,0.013561601,0.009041067,,,,
UJ,89,67,78.42333333,0.735277725,78.4,77.7,79.17,0.00029753,0.009223445,0.009520976,0.006347317,,,,
UJ,90,54,84.41666667,0.812239702,83.87,85.35,84.03,0.006475814,0.011056269,0.004580454,0.007370846,,,,
UJ,91,68,82.10666667,0.741102782,82.06,81.39,82.87,0.000568366,0.008728483,0.00929685,0.0061979,,,,
UJ,92,47,82.41666667,1.326134734,81.06,82.48,83.71,0.016461072,0.000768453,0.015692619,0.010974048,,,,
UJ,93,62,84.38666667,0.498129836,84.14,84.96,84.06,0.002923053,0.006794122,0.00387107,0.004529415,,,,
UJ,94,66,80.17333333,0.991177751,79.03,80.79,80.7,0.014260768,0.007691668,0.0065691,0.009507179,,,,
UJ,95,31,87.03,1.013706072,85.89,87.83,87.37,0.013098931,0.009192233,0.003906699,0.008732621,,,,
UJ,96,43,89.36,0.701925922,88.93,90.17,88.98,0.004811996,0.009064458,0.004252462,0.006042972,,,,
UJ,97,65,85.17333333,0.90012962,84.72,84.59,86.21,0.00532248,0.006848779,0.012171259,0.008114172,,,,
UJ,98,61,84.06666667,0.981546399,83.51,83.49,85.2,0.006621729,0.006859635,0.013481364,0.008987576,,,,
UJ,99,72,91.7,0.779037868,91.02,91.53,92.55,0.007415485,0.001853871,0.009269357,0.006179571,0.996767767,,,
PP,1,23,28.89,0.631743619,28.75,29.58,28.34,0.004845967,0.023883697,0.019037729,0.015922465,,,,
PP,2,83,27.25666667,0.430038758,27.69,26.83,27.25,0.015898251,0.015653663,0.000244588,0.010598834,,,,
PP,3,71,31.61333333,0.762517759,32.43,31.49,30.92,0.025832982,0.003901307,0.021931674,0.017221988,,,,
PP,4,53,29.19666667,0.62939124,29.57,29.55,28.47,0.012786848,0.012101838,0.024888686,0.016592457,,,,
PP,5,6,32.7,0.95294281,32.46,33.75,31.89,0.00733945,0.032110092,0.024770642,0.021406728,,,,
PP,6,19,32.09666667,1.521851942,32.01,33.66,30.62,0.002700177,0.048707031,0.046006854,0.032471354,,,,
PP,7,33,31.47,1.077636302,31.19,32.66,30.56,0.008897363,0.037813791,0.028916428,0.025209194,,,,
PP,8,45,31.76666667,0.85582319,30.89,32.6,31.81,0.027597062,0.026232949,0.001364113,0.018398041,,,,
PP,9,78,28.59666667,0.406242949,29.02,28.56,28.21,0.01480359,0.001282201,0.013521389,0.00986906,,,,
PP,10,86,33.00666667,1.274846396,31.92,34.41,32.69,0.032922642,0.042516663,0.009594021,0.028344442,,,,
PP,11,38,31.72333333,1.329147597,31.5,33.15,30.52,0.007040034,0.044972155,0.037932121,0.029981437,,,,
PP,12,27,33.03333333,1.623463376,32.44,34.87,31.79,0.017961655,0.055600404,0.037638749,0.037066936,,,,
PP,13,95,30.93,2.187487143,30.38,33.34,29.07,0.017782089,0.077917879,0.06013579,0.051945253,,,,
PP,14,34,34.84666667,0.506194956,34.43,35.41,34.7,0.011957146,0.016166061,0.004208915,0.010777374,,,,
PP,15,14,32.39,0.779487011,32.53,33.09,31.55,0.004322322,0.021611609,0.02593393,0.017289287,,,,
PP,16,81,35.11666667,1.613577805,33.26,36.18,35.91,0.052871381,0.030280019,0.022591362,0.035247587,,,,
PP,17,3,32.46,0.217025344,32.35,32.71,32.32,0.003388786,0.007701787,0.004313001,0.005134525,,,,
PP,18,92,29.29666667,0.240277617,29.05,29.53,29.31,0.008419615,0.007964501,0.000455114,0.005613077,,,,
PP,19,84,33.29333333,0.593660958,33.82,33.41,32.65,0.015818983,0.003504205,0.019323188,0.012882125,,,,
PP,20,73,33.47333333,1.934536982,31.69,35.53,33.2,0.05327624,0.061441944,0.008165704,0.040961296,,,,
PP,21,97,32.87666667,0.520128189,32.35,33.39,32.89,0.016019467,0.015613911,0.000405556,0.010679644,,,,
PP,22,82,35.38666667,2.06979065,33.71,37.7,34.75,0.047381311,0.065373022,0.017991711,0.043582015,,,,
PP,23,25,31.91666667,0.640650711,31.95,31.26,32.54,0.001044386,0.020574413,0.019530026,0.013716275,,,,
PP,24,93,32.74333333,2.86011072,29.69,35.36,33.18,0.093250534,0.079914486,0.013336048,0.062167023,,,,
PP,25,13,34.31666667,2.049300694,32.86,36.66,33.43,0.04244779,0.068285576,0.025837785,0.045523717,,,,
PP,26,44,32.77666667,0.70500591,32.07,33.48,32.78,0.021560053,0.021458355,0.000101698,0.014373369,,,,
PP,27,29,31.24666667,0.637207449,31.51,31.71,30.52,0.008427566,0.014828248,0.023255814,0.015503876,,,,
PP,28,94,33.48666667,0.937674428,33.77,34.25,32.44,0.008461079,0.022795142,0.031256221,0.020837481,,,,
PP,29,90,33.1,0.685492524,32.47,33.83,33,0.019033233,0.022054381,0.003021148,0.01470292,,,,
PP,30,28,33.32,0.761774245,32.53,34.05,33.38,0.023709484,0.021908764,0.00180072,0.015806323,,,,
PP,31,35,34.75,0.887073841,34.55,35.72,33.98,0.005755396,0.027913669,0.022158273,0.018609113,,,,
PP,32,8,33.55333333,0.984699616,33.91,34.31,32.44,0.010629843,0.022551162,0.033181005,0.02212067,,,,
PP,33,40,35.48333333,2.384792094,34.38,38.22,33.85,0.031094411,0.077125411,0.046031,0.051416941,,,,
PP,34,51,35.99666667,4.301120009,33.11,40.94,33.94,0.08019261,0.13732753,0.05713492,0.091551687,,,,
PP,35,87,33.85666667,1.525330565,32.35,35.4,33.82,0.044501329,0.045584326,0.001082997,0.030389551,,,,
PP,36,42,34.89333333,1.10205868,33.94,36.1,34.64,0.02732136,0.034581582,0.007260222,0.023054388,,,,
PP,37,18,31.41,2.402769236,28.7,33.28,32.25,0.086278255,0.05953518,0.026743075,0.057518837,,,,
PP,38,75,32.03,0.738985791,32.32,32.58,31.19,0.009054012,0.017171402,0.026225414,0.017483609,,,,
PP,39,7,33,0.400374824,32.54,33.27,33.19,0.013939394,0.008181818,0.005757576,0.009292929,,,,
PP,40,69,33.08,0.317962262,33.42,33.03,32.79,0.010278114,0.001511487,0.008766626,0.006852076,,,,
PP,41,16,34.72333333,0.509542278,34.28,35.28,34.61,0.012767591,0.016031487,0.003263896,0.010687658,,,,
PP,42,22,32.24,1.579525245,30.92,33.99,31.81,0.040942928,0.054280397,0.013337469,0.036186931,,,,
PP,43,77,36.07666667,1.347825409,34.53,37,36.7,0.042871662,0.025593643,0.017278019,0.028581108,,,,
PP,44,9,34.84,1.319431696,33.71,36.29,34.52,0.032433984,0.041618829,0.009184845,0.027745886,,,,
PP,45,46,35.95666667,1.227286981,34.94,37.32,35.61,0.028274775,0.03791601,0.009641235,0.02527734,,,,
PP,46,32,35.36333333,0.901794507,34.93,36.4,34.76,0.012253747,0.029314733,0.017060986,0.019543155,,,,
PP,47,57,33.18,0.173493516,32.99,33.33,33.22,0.005726341,0.004520796,0.001205546,0.003817561,,,,
PP,48,15,37.03,0.599249531,36.64,37.72,36.73,0.010532001,0.01863354,0.008101539,0.01242236,,,,
PP,49,91,35.36666667,0.932165937,35.6,36.16,34.34,0.006597549,0.022431668,0.029029218,0.019352812,,,,
PP,50,60,31.96333333,0.716263452,31.15,32.24,32.5,0.025445823,0.008655751,0.016790072,0.016963882,,,,
PP,51,55,34.42666667,0.643764967,34.05,35.17,34.06,0.010941131,0.021591789,0.010650658,0.014394526,,,,
PP,52,10,36.88333333,0.983327684,37.99,36.55,36.11,0.030004519,0.009037506,0.020967013,0.020003013,,,,
PP,53,12,34.28,0.472863617,34.34,34.72,33.78,0.001750292,0.012835473,0.014585764,0.009723843,,,,
PP,54,85,36.11666667,0.933613053,35.06,36.83,36.46,0.029257037,0.019750808,0.00950623,0.019504692,,,,
PP,55,1,37.46666667,2.180145255,35.72,39.91,36.77,0.046619217,0.065213523,0.018594306,0.043475682,,,,
PP,56,50,35.96333333,1.236540874,35.2,37.39,35.3,0.021225322,0.039670034,0.018444712,0.02644669,,,,
PP,57,89,36.52666667,1.221979269,35.53,37.89,36.16,0.027286001,0.037324329,0.010038328,0.024882886,,,,
PP,58,96,37.61,1.597717121,36.19,39.34,37.3,0.037755916,0.045998405,0.008242489,0.030665603,,,,
PP,59,2,37.37333333,1.841122846,35.66,39.32,37.14,0.045843739,0.05208705,0.006243311,0.0347247,,,,
PP,60,64,38.05666667,0.623645198,37.35,38.53,38.29,0.018568801,0.012437593,0.006131208,0.012379201,,,,
PP,61,36,32.72,0.405092582,32.71,32.32,33.13,0.000305623,0.012224939,0.012530562,0.008353708,,,,
PP,62,56,39.83,0.563471383,39.53,39.48,40.48,0.007532011,0.008787346,0.016319357,0.010879572,,,,
PP,63,88,37.53666667,2.139400227,35.84,39.94,36.83,0.045200249,0.064026285,0.018826037,0.04268419,,,,
PP,64,76,37.21333333,1.525789413,35.66,38.71,37.27,0.041741311,0.04021856,0.001522752,0.027827541,,,,
PP,65,80,34.44333333,0.981902914,33.35,35.25,34.73,0.031742959,0.02342011,0.008322849,0.021161973,,,,
PP,66,63,35.44666667,0.494401996,34.88,35.79,35.67,0.015986459,0.009685913,0.006300545,0.010657639,,,,
PP,67,24,39.24666667,0.813285518,38.87,38.69,40.18,0.009597418,0.014183795,0.023781213,0.015854142,,,,
PP,68,17,35.51333333,1.517904257,34.44,37.25,34.85,0.03022339,0.048901821,0.018678431,0.032601214,,,,
PP,69,79,37.2,0.504777179,37.54,36.62,37.44,0.009139785,0.015591398,0.006451613,0.010394265,,,,
PP,70,58,36.44333333,1.377836468,34.86,37.37,37.1,0.043446447,0.025427605,0.018018842,0.028964298,,,,
PP,71,21,35.35333333,0.823792045,35.18,36.25,34.63,0.004902885,0.025363002,0.020460117,0.016908668,,,,
PP,72,11,36.87,0.457383865,36.69,37.39,36.53,0.004882018,0.014103607,0.009221589,0.009402405,,,,
PP,73,20,35.22,1.696791089,34.08,37.17,34.41,0.032367973,0.055366269,0.022998296,0.036910846,,,,
PP,74,59,37.98333333,2.392369815,35.41,40.14,38.4,0.067749013,0.056779289,0.010969724,0.045166008,,,,
PP,75,99,38.93666667,0.275015151,38.66,39.21,38.94,0.007105556,0.007019947,8.56091E-05,0.004737037,,,,
PP,76,4,39.09333333,2.064856734,38.07,41.47,37.74,0.026176671,0.060794679,0.034618008,0.040529786,,,,
PP,77,48,37.33333333,0.735821536,36.55,38.01,37.44,0.020982143,0.018125,0.002857143,0.013988095,,,,
PP,78,49,41.32,2.219391809,39.4,43.75,40.81,0.046466602,0.058809293,0.012342691,0.039206196,,,,
PP,79,98,39.42333333,0.754806819,39.07,40.29,38.91,0.008962543,0.021983597,0.013021054,0.014655731,,,,
PP,80,52,36.75333333,1.800731333,34.85,38.43,36.98,0.051786686,0.045619445,0.006167241,0.034524457,,,,
PP,81,30,40.82333333,0.581062246,40.98,41.31,40.18,0.003837675,0.011921287,0.015758961,0.010505974,,,,
PP,82,41,37.13333333,1.735175303,35.3,37.35,38.75,0.049371634,0.005834829,0.043536804,0.032914423,,,,
PP,83,37,39.54,0.158745079,39.42,39.48,39.72,0.003034901,0.001517451,0.004552352,0.003034901,,,,
PP,84,5,38.78666667,1.557701298,38.01,40.58,37.77,0.020024063,0.04623582,0.026211757,0.03082388,,,,
PP,85,39,41.59333333,0.811439051,41.01,42.52,41.25,0.014024683,0.022279211,0.008254528,0.014852808,,,,
PP,86,26,39.80333333,1.174918437,39.13,41.16,39.12,0.016916506,0.034084248,0.017167741,0.022722832,,,,
PP,87,74,42.48666667,1.403650004,40.97,43.74,42.75,0.035697474,0.029499451,0.006198023,0.023798316,,,,
PP,88,70,47.34,0.513906606,46.78,47.45,47.79,0.01182932,0.002323616,0.009505703,0.007886213,,,,
PP,89,67,45.92666667,1.116437787,45.6,47.17,45.01,0.007112789,0.027072144,0.019959355,0.018048096,,,,
PP,90,54,43.87333333,0.361708907,43.64,43.69,44.29,0.005318341,0.004178696,0.009497037,0.006331358,,,,
PP,91,68,43.26,1.331803289,41.97,44.63,43.18,0.029819695,0.031668978,0.001849283,0.021112652,,,,
PP,92,47,44.13333333,1.094410039,44.9,42.88,44.62,0.017371601,0.028398792,0.01102719,0.018932528,,,,
PP,93,62,45.21,0.899555446,44.87,46.23,44.53,0.00752046,0.02256138,0.01504092,0.01504092,,,,
PP,94,66,44.65333333,0.190875177,44.51,44.87,44.58,0.003209913,0.004852195,0.001642281,0.003234796,,,,
PP,95,31,48.77666667,1.463192856,47.11,49.37,49.85,0.034169343,0.012164286,0.022005057,0.022779562,,,,
PP,96,43,50.32,2.131267229,47.98,50.83,52.15,0.046502385,0.010135135,0.03636725,0.03100159,,,,
PP,97,65,50.95333333,1.380012077,49.88,52.51,50.47,0.021065027,0.030550831,0.009485804,0.020367221,,,,
PP,98,61,45.76666667,1.308523341,44.35,46.93,46.02,0.030954115,0.025418791,0.005535324,0.020636077,,,,
PP,99,72,49.54,0.391535439,49.58,49.91,49.13,0.000807428,0.007468712,0.00827614,0.005517427,2.28267149,,,
