"TRIP_ID","FE_MAJOR_LEVEL_ID","SPECIMEN_ID","SPECIMEN_SEX_DESC","MATURITY_CODE","Fork_Length","Whole_Round_Weight","Head_Barcode_Database","HeadBarcode","Eye_Diameter","InterOrbital_Distance","Snout_length","Upper_jaw_length","Postorbital_Preoperculum","Post_orbital_Head_length","DNA_Collected","Otoliths_Collected","SLAT","SLON"
80378,52,15122543,"MALE",4,685,3910,"20164716",20164716,33.65,59.89,54.94,74.92,0,80.26,"Y","Y",53.771,-133.4121
80378,54,15122825,"FEMALE",3,820,5474,"20164724",20164724,34.47,61.65,65.31,91.93,0,99.28,"Y","y",53.9271,-133.5708
80378,59,15123386,"FEMALE",4,850,6725,"20164731",20164731,37.15,67.79,79.24,104.32,0,119.21,"Y","y",54.0538,-133.6018
80378,56,15122972,"MALE",2,515,1206,"20164728",20164728,21.82,41.5,43.1,49.95,0,55.72,"Y","y",53.9572,-133.551
80378,52,15122544,"FEMALE",4,745,4270,"20164717",20164717,26.51,62.07,67.89,64.01,0,92.3,"Y","y",53.771,-133.4121
80378,59,15123388,"MALE",5,700,4496,"20164733",20164733,30.04,57.67,62.07,77.59,0,79.9,"Y","y",54.0538,-133.6018
80378,53,15122665,"MALE",1,460,978,"20164722",20164722,19.22,35.12,36.18,44.79,0,49.58,"Y","y",53.7756,-133.4588
80378,53,15122664,"MALE",1,485,1080,"20164721",20164721,22.45,32.83,37.43,48.54,0,53.96,"Y","y",53.7756,-133.4588
80378,52,15122541,"MALE",2,500,1262,"20164714",20164714,23.56,36.49,40.68,52.82,0,56.67,"Y","y",53.771,-133.4121
80378,53,15122657,"FEMALE",4,595,2240,"20164719",20164719,25.46,45.05,46.04,62.41,0,65.75,"Y","y",53.7756,-133.4588
80378,55,15122940,"FEMALE",3,705,3740,"20164727",20164727,29.62,52.92,57.21,76.61,0,75.49,"Y","y",53.9552,-133.5853
80378,67,15124414,"MALE",11,655,2780,"20164770",20164770,30.31,50.59,52.8,70.2,0,76.12,"Y","y",53.9673,-133.8262
80378,67,15124415,"FEMALE",3,695,3135,"20164771",20164771,25.99,47.61,51.32,63.67,34.75,0,"Y","y",53.9673,-133.8262
80378,67,15124413,"FEMALE",3,770,4075,"20164769",20164769,33.21,57.56,55.83,76.78,41.49,0,"Y","y",53.9673,-133.8262
80378,67,15124411,"FEMALE",3,685,3832,"20164768",20164768,29.76,49.48,51.35,68.79,34.29,72.41,"Y","y",53.9673,-133.8262
80378,55,15122938,"FEMALE",3,705,3498,"20164726",20164726,29.26,50.73,54.55,72.88,39.77,71.91,"Y","y",53.9552,-133.5853
80378,59,15123387,"FEMALE",12,715,3674,"20164732",20164732,28.74,57.06,58.47,74.06,41.87,79.26,"Y","y",54.0538,-133.6018
80378,56,15122974,"FEMALE",4,815,5550,"20164730",20164730,34.25,60.21,64.83,89.57,46.83,89.43,"Y","y",53.9572,-133.551
80378,54,15122824,"FEMALE",4,865,7600,"20164723",20164723,33.44,71.13,71.08,99.67,55.1,99.26,"Y","y",53.9271,-133.5708
80378,54,15122826,"FEMALE",3,850,6530,"20164725",20164725,33.9,68.45,69.72,92.42,54.04,95.72,"Y","y",53.9271,-133.5708
80378,52,15122538,"FEMALE",2,545,1758,"20164713",20164713,23.3,0,42.86,54.27,27.89,49.73,"Y","y",53.771,-133.4121
79190,13,14951956,"FEMALE",1,350,400,"20135860",20135860,17.39,23.16,26.64,34.17,18.36,35.14,"Y","y",48.564,-125.3843
80378,52,15122533,"FEMALE",2,530,1404,"20164710",20164710,22.46,37.4,40.88,51.18,30.26,52.75,"Y","y",53.771,-133.4121
79190,6,14950403,"FEMALE",2,530,1432,"20135838",20135838,22.88,37.58,40.79,53.74,29.43,57.14,"Y","y",48.3807,-125.3797
79190,13,14951954,"FEMALE",1,355,422,"20135858",20135858,16.93,22.39,26.67,32.97,17.23,34.17,"Y","y",48.564,-125.3843
79190,13,14951949,"FEMALE",2,405,628,"20135853",20135853,17.76,28.76,31.48,37.39,19.81,39.79,"Y","y",48.564,-125.3843
79190,13,14951955,"FEMALE",1,380,608,"20135859",20135859,16.14,27.63,30.72,37.44,18.63,40.35,"Y","y",48.564,-125.3843
79190,13,14951951,"FEMALE",2,585,1802,"20135855",20135855,24.55,40.36,44.37,56.48,28.26,63.21,"Y","y",48.564,-125.3843
79190,13,14951946,"FEMALE",2,585,2028,"20135850",20135850,24.21,42.26,0,0,31.96,63.31,"Y","y",48.564,-125.3843
79190,13,14951945,"MALE",2,535,1516,"20135849",20135849,22.38,39.5,40.73,49.25,29.59,54.7,"Y","y",48.564,-125.3843
79190,13,14951947,"MALE",2,495,1248,"20135851",20135851,20.72,36.41,37.36,48.31,28.2,54.29,"Y","y",48.564,-125.3843
79190,6,14950400,"FEMALE",2,510,1258,"20135836",20135836,21.86,33.11,36.43,46.8,27.06,53.47,"Y","y",48.3807,-125.3797
79190,6,14950399,"MALE",2,515,1176,"20135835",20135835,22.17,36.05,39.09,49.13,30.37,57.55,"Y","y",48.3807,-125.3797
79190,13,14951953,"MALE",1,445,796,"20135857",20135857,22.48,30.42,32.18,41.1,22.43,47.8,"Y","y",48.564,-125.3843
79190,13,14951950,"FEMALE",2,580,1908,"20135854",20135854,25.47,43.01,47.3,59.91,34.68,64.14,"Y","y",48.564,-125.3843
80378,52,15122542,"FEMALE",2,535,1494,"20164715",20164715,25.14,39.3,43.8,57.33,31.23,59.79,"Y","y",53.771,-133.4121
80378,52,15122537,"MALE",4,580,2040,"20164712",20164712,24.92,38.98,43.65,53.7,27.56,58.82,"Y","y",53.771,-133.4121
80378,52,15122536,"FEMALE",2,460,950,"20164711",20164711,23.07,32.35,38.23,47.48,25.18,49.74,"Y","y",53.771,-133.4121
80378,53,15122658,"FEMALE",4,720,4010,"20164720",20164720,29.76,50.12,57.56,72.95,42.84,83.28,"Y","y",53.7756,-133.4588
79190,13,14951948,"FEMALE",2,545,1752,"20135852",20135852,24.39,36.61,42.37,54.59,31.8,61.21,"Y","y",48.564,-125.3843
80378,56,15122973,"FEMALE",2,565,1670,"20164729",20164729,25.24,41.12,46.11,57.94,29.48,0,"Y","y",53.9572,-133.551
80378,52,15122529,"MALE",3,530,1818,"20164707",20164707,26.67,36.93,43.98,53.55,29.77,58.11,"Y","y",53.771,-133.4121
80378,52,15122530,"MALE",1,420,720,"20164708",20164708,21.12,28.65,32.25,37.92,21.2,48.09,"Y","y",53.771,-133.4121
80378,52,15122532,"FEMALE",2,510,1252,"20164709",20164709,24.4,36.2,41.81,54.59,27.93,60.82,"Y","y",53.771,-133.4121
80378,52,15122528,"FEMALE",2,565,1848,"20164706",20164706,27.24,40.09,46.28,59.55,33.11,63.54,"Y","y",53.771,-133.4121
80378,52,15122545,"FEMALE",2,555,1800,"20164718",20164718,26.85,39.31,45.33,57.74,30.74,64.74,"Y","y",53.771,-133.4121
79190,13,14951952,"MALE",2,475,1126,"20135856",20135856,24.16,33.13,36.2,47.01,24.19,51.27,"Y","y",48.564,-125.3843
80378,77,15125406,"MALE",4,725,4020,"20164781_E",20164781,34.38,54.25,55.34,78.41,43.16,85.66,"Y","y",54.237,-133.272
79190,26,14954960,"FEMALE",12,605,2310,"20135899",20135899,26.96,43.44,48.08,63.41,35.99,71.29,"Y","y",48.4265,-126.0982
79190,26,14954935,"MALE",12,610,2428,"20135895",20135895,25.6,44.26,43.67,60.93,32.68,62.64,"Y","y",48.4265,-126.0982
79190,13,14951938,"FEMALE",2,555,1858,"20135846",20135846,25.73,41.2,43.02,57.29,32.4,62.35,"Y","y",48.564,-125.3843
79190,8,14950356,"FEMALE",2,410,690,"20135826",20135826,17.83,27.4,30.38,36.41,22.29,39.79,"Y","y",48.3953,-125.3314
79190,13,14951940,"MALE",2,490,1302,"20135847",20135847,22.71,35.66,40.68,51.28,28.32,51.97,"Y","y",48.564,-125.3843
80378,86,15126744,"FEMALE",3,630,2955,"20164791",20164791,27.69,48.13,52.18,64.19,38.51,0,"Y","y",53.9891,-133.6322
79190,6,14950414,"MALE",2,470,976,"20135841",20135841,21.18,32.22,36.24,44.33,25.34,48.99,"Y","y",48.3807,-125.3797
80378,87,15126933,"MALE",2,485,1048,"20164797",20164797,23.89,33.12,38.73,50.11,27.28,51.98,"Y","y",54.1143,-133.5727
79190,6,14950385,"FEMALE",2,605,2172,"20135832",20135832,25.08,43.65,46.68,58.84,31.03,34.36,"Y","y",48.3807,-125.3797
80378,86,15126737,"MALE",1,480,944,"20164787",20164787,22.07,33.06,35.29,45.13,24.74,47.52,"Y","y",53.9891,-133.6322
79190,6,14950410,"FEMALE",2,530,1432,"20135840",20135840,22.63,39.35,41.74,54.99,29.07,56.59,"Y","y",48.3807,-125.3797
80378,78,15125502,"FEMALE",2,580,1905,"20164782",20164782,25.15,40.94,45.03,58.1,32.7,62.1,"Y","y",54.2501,-133.3431
79190,13,14951937,"FEMALE",2,545,1408,"20135845",20135845,23.7,39.47,42.44,53.9,30.21,54.39,"Y","Y",48.564,-125.3843
79190,6,14950427,"FEMALE",2,510,1256,"20135844",20135844,22.79,35.1,40.87,50.98,24.91,53.98,"Y","Y",48.3807,-125.3797
79190,26,14954988,"MALE",12,650,2480,"20164001",20164001,29.11,42.69,48.1,66.28,32.81,65.67,"Y","Y",48.4265,-126.0982
80378,86,15126747,"FEMALE",2,475,986,"20164793",20164793,21.62,33.22,37.14,47.66,27.78,50.64,"Y","Y",53.9891,-133.6322
79190,8,14950366,"FEMALE",2,375,468,"20135829",20135829,16.16,23.55,27.61,34.21,19.68,36.64,"Y","Y",48.3953,-125.3314
80378,86,15126745,"MALE",5,590,2035,"20164792",20164792,27.12,43.6,44,59.38,29.86,61.17,"Y","Y",53.9891,-133.6322
79190,6,14950405,"FEMALE",2,525,1488,"20135839",20135839,23.33,36.05,41.17,50.98,30.18,51.86,"Y","Y",48.3807,-125.3797
80378,86,15126734,"FEMALE",3,690,3280,"20164785",20164785,27.9,48.94,51.14,66.22,38.92,62.62,"Y","Y",53.9891,-133.6322
80378,68,15124584,"MALE",3,655,2810,"20164773",20164773,27.53,51.46,49.44,43.65,33.91,76.15,"Y","Y",53.9605,-133.8665
79190,26,14954925,"FEMALE",12,685,3644,"20135893",20135893,31.82,49.41,55.77,75.74,40.33,79.52,"Y","Y",48.4265,-126.0982
80378,68,15124583,"FEMALE",3,865,5955,"20164772",20164772,39.48,63.05,68.38,69.2,51.82,98.4,"Y","Y",53.9605,-133.8665
80378,86,15126738,"FEMALE",3,825,5640,"20164788",20164788,34.67,60.98,69.37,86.5,55.2,96.3,"Y","Y",53.9891,-133.6322
79190,26,14954927,"MALE",12,600,2056,"20135894",20135894,28.54,42.67,45.15,58.05,31.12,45.27,"Y","Y",48.4265,-126.0982
79190,26,14954896,"MALE",12,595,2218,"20135891",20135891,26.01,39.09,46.45,61.2,33,69.05,"Y","Y",48.4265,-126.0982
80378,78,15125503,"FEMALE",2,530,1530,"20164783",20164783,22.07,36.25,41.99,53.9,31.35,51.6,"Y","Y",54.2501,-133.3431
80378,87,15126929,"FEMALE",2,525,1338,"20164796",20164796,22.72,35.93,41.24,53.5,28.9,54.95,"Y","Y",54.1143,-133.5727
79190,8,14950361,"MALE",2,320,316,"20135828",20135828,12.1,19.6,25.8,31.3,17,32.7,"Y","Y",48.3953,-125.3314
80378,87,15126935,"FEMALE",2,555,1566,"20164798",20164798,22.4,39.6,42.08,54.68,31.33,57.33,"Y","Y",54.1143,-133.5727
79190,13,14951942,"MALE",12,550,1626,"20135848",20135848,24.02,39.32,43.21,53.49,30.12,59.16,"Y","Y",48.564,-125.3843
80378,78,15125505,"FEMALE",2,570,1715,"20164784",20164784,23.67,40.03,46.01,58.48,32.3,60.99,"Y","Y",54.2501,-133.3431
80378,86,15126751,"MALE",2,440,845,"20164794",20164794,23.5,32.29,32.54,41.85,22.4,45.99,"Y","Y",53.9891,-133.6322
79190,26,14954987,"FEMALE",2,505,1366,"20164002",20164002,22.8,36.72,40.62,49.99,29.42,55.69,"Y","Y",48.4265,-126.0982
79190,6,14950418,"MALE",2,540,1828,"20135842",20135842,24.7,38.54,42.65,55.12,31.65,61.05,"Y","Y",48.3807,-125.3797
80378,86,15126735,"FEMALE",2,510,1394,"20164786",20164786,21.62,34.94,39.24,48.75,27.05,51.05,"Y","Y",53.9891,-133.6322
79190,6,14950401,"MALE",2,530,1404,"20135837",20135837,22.69,38.28,42.14,54.49,28.85,57.77,"Y","Y",48.3807,-125.3797
79190,6,14950425,"MALE",2,470,956,"20135843",20135843,20.79,30.65,34.47,42.46,24.89,47.43,"Y","Y",48.3807,-125.3797
79190,8,14950354,"MALE",2,485,1068,"20135825",20135825,21.64,32.39,34.95,44.23,23.12,48,"Y","Y",48.3953,-125.3314
80378,86,15126742,"MALE",4,615,2595,"20164790",20164790,27.46,46.54,47.14,60.77,37.7,68.76,"Y","Y",53.9891,-133.6322
80378,77,15125402,"FEMALE",4,625,2862,"20164779_E",20164779,26.67,44.4,48.98,65.91,34.36,68.02,"Y","Y",54.237,-133.272
80378,68,15124586,"MALE",3,725,3200,"20164774",20164774,32.37,48.67,53.85,72.71,35.91,0,"Y","Y",53.9605,-133.8665
80378,77,15125403,"MALE",4,730,4102,"20164780_E",20164780,32.69,50.17,55.45,75.51,36.79,77.83,"Y","Y",54.237,-133.272
80378,77,15125401,"FEMALE",12,1080,16220,"2016778_E",20164778,44.16,85.07,94.89,128.93,68.74,150.73,"Y","Y",54.237,-133.272
79190,8,14950319,"FEMALE",2,365,468,"20135803",20135803,18.09,25.74,27.69,34.62,18.22,38.34,"Y","Y",48.3953,-125.3314
79190,26,14954908,"MALE",12,590,2070,"20135892",20135892,25.61,43.7,48.43,62.27,34.43,65.86,"Y","y",48.4265,-126.0982
79190,8,14950346,"MALE",2,390,476,"20135820",20135820,16.76,26.28,28.25,35.72,20.48,38.82,"Y","y",48.3953,-125.3314
79190,26,14955006,"MALE",12,620,2534,"20164004",20164004,26.99,43.9,48.84,63.63,36.24,65.86,"Y","y",48.4265,-126.0982
79190,8,14950323,"FEMALE",2,520,1782,"20135807",20135807,24.1,37.71,41.87,52.6,29.53,57.44,"Y","y",48.3953,-125.3314
79190,6,14950382,"FEMALE",2,525,1304,"20135831",20135831,23.89,34.12,40.92,52.97,28.01,54.89,"Y","y",48.3807,-125.3797
79190,24,14953458,"MALE",3,585,2020,"20135874",20135874,26.05,44.4,47.7,64.94,34.21,66.68,"Y","y",48.3775,-126.0324
79190,8,14950341,"FEMALE",2,380,558,"20135819",20135819,17.4,26.24,28.8,35.48,19.18,38.02,"Y","y",48.3953,-125.3314
79190,26,14954892,"FEMALE",2,555,1516,"20135890",20135890,23.37,36.8,45.63,58.39,32.38,59.2,"Y","y",48.4265,-126.0982
79190,8,14950352,"FEMALE",2,375,524,"20135823",20135823,16.15,22.94,27.61,34.19,17.66,35.7,"Y","y",48.3953,-125.3314
79190,8,14950336,"MALE",2,500,1232,"20135816",20135816,21.93,34.42,37.2,46.41,27.1,48.62,"Y","y",48.3953,-125.3314
79190,6,14950389,"MALE",12,490,1152,"20135833",20135833,22.86,32.28,36.81,47.89,25.91,48.91,"Y","y",48.3807,-125.3797
79190,24,14953481,"MALE",12,635,2698,"20135877",20135877,26.42,45.52,45.55,61.94,34.53,60.88,"Y","y",48.3775,-126.0324
79190,8,14950324,"MALE",2,375,570,"20135808",20135808,17.4,24.68,29.4,33.68,19.42,37.7,"Y","y",48.3953,-125.3314
80378,88,15127034,"FEMALE",5,605,2380,"20164802",20164802,26.18,42.56,47.09,60.88,35.44,0,"Y","y",54.0891,-133.5399
79190,8,14950353,"FEMALE",2,495,1320,"20135824",20135824,22.05,32.1,34.91,44.12,25.89,50.69,"Y","y",48.3953,-125.3314
79190,24,14953493,"MALE",12,630,2610,"20135878",20135878,28.54,45.65,49.79,67.53,36.06,68.94,"Y","y",48.3775,-126.0324
79190,8,14950351,"MALE",2,375,496,"20135822",20135822,18.15,25.87,28.18,35.6,19.58,37.49,"Y","y",48.3953,-125.3314
79190,24,14953541,"FEMALE",12,650,2600,"20135883",20135883,27.35,48.27,50.71,62.62,38.49,68.22,"Y","y",48.3775,-126.0324
79190,8,14950317,"FEMALE",2,405,600,"20135801",20135801,18.27,27.91,31.22,37.64,21.26,40.26,"Y","y",48.3953,-125.3314
80378,68,15124587,"MALE",3,740,3485,"20164775",20164775,33.73,51.54,53.89,72.45,42.52,77.81,"Y","y",53.9605,-133.8665
79190,8,14950318,"FEMALE",2,520,1420,"20135802",20135802,21.1,35.78,40.78,50.11,29.71,52.99,"Y","y",48.3953,-125.3314
80378,88,15127031,"FEMALE",2,490,1024,"20164799",20164799,21.29,32.71,38.47,47.3,21.93,0,"Y","y",54.0891,-133.5399
79190,6,14950394,"FEMALE",2,505,1252,"20135834",20135834,24.63,36.71,39.58,51.68,29.35,52.88,"Y","y",48.3807,-125.3797
80378,74,15125136,"FEMALE",5,965,12090,"20164777",20164777,41.01,79.67,87.42,127.6,59.22,124.1,"Y","y",54.209,-133.7394
79190,26,14954945,"MALE",12,600,2404,"20135896",20135896,25.14,45.19,46.62,59.05,35,65.45,"Y","y",48.4265,-126.0982
79190,24,14953505,"FEMALE",12,695,3426,"20135879",20135879,28.37,51.65,52.74,68.87,39.06,73.59,"Y","y",48.3775,-126.0324
79190,26,14954968,"MALE",2,435,844,"20135900",20135900,21.65,30.01,35.65,44.04,23.92,45.27,"Y","y",48.4265,-126.0982
79190,26,14954956,"MALE",2,460,1032,"20135898",20135898,22.37,32.92,37.66,48.03,27.55,49.35,"Y","y",48.4265,-126.0982
79190,26,14954994,"MALE",2,520,1294,"20164003",20164003,23.07,36.2,39.79,52.29,30.46,51.59,"Y","y",48.4265,-126.0982
79190,24,14953550,"MALE",12,700,3682,"20135888",20135888,31.69,54.45,55.64,72.26,40.54,75.13,"Y","y",48.3775,-126.0324
79190,8,14950321,"FEMALE",2,370,444,"20135805",20135805,16.69,20.95,26.55,32.12,16.64,35.54,"Y","y",48.3953,-125.3314
79190,24,14953551,"FEMALE",12,620,2208,"20135889",20135889,26.57,44.22,48.91,62.8,34.97,67.41,"Y","y",48.3775,-126.0324
79190,24,14953434,"MALE",12,780,5188,"20135869",20135869,32.89,58.48,64.16,88.09,45.41,84.26,"Y","y",48.3775,-126.0324
79190,24,14953549,"MALE",12,535,1508,"20135887",20135887,24.14,35.75,40.35,51.08,29.85,51.95,"Y","y",48.3775,-126.0324
79190,24,14953545,"MALE",12,640,2848,"20135884",20135884,29.04,47.26,51.58,67.57,35.6,68.72,"Y","y",48.3775,-126.0324
79190,24,14953522,"MALE",12,665,2938,"20135880",20135880,30.82,49.85,53.1,71.09,40.22,68.96,"Y","y",48.3775,-126.0324
79190,24,14953547,"FEMALE",2,485,1068,"20135885",20135885,22.83,35.83,37.91,48.47,26.85,49.43,"Y","y",48.3775,-126.0324
80378,68,15124588,"MALE",3,750,3335,"20164776",20164776,31.03,49.57,57.21,76.68,43.58,81.47,"Y","y",53.9605,-133.8665
79190,8,14950320,"FEMALE",2,515,1384,"20135804",20135804,24.23,33.79,42.53,39.76,26.28,47.26,"Y","y",48.3953,-125.3314
79190,8,14950322,"FEMALE",2,395,554,"20135806",20135806,18.11,24.95,31.63,36.79,18.49,35.63,"Y","y",48.3953,-125.3314
79190,24,14953548,"MALE",12,630,2604,"20135886",20135886,27.69,46.83,54.26,67.1,35.85,69.14,"Y","y",48.3775,-126.0324
79190,8,14950357,"FEMALE",2,390,570,"20135827",20135827,16.86,24.17,32.14,34.75,19.29,37.12,"Y","y",48.3953,-125.3314
79190,24,14953534,"FEMALE",12,615,2232,"20135882",20135882,27.07,40.06,50.49,62.44,34.56,66.6,"Y","y",48.3775,-126.0324
79190,8,14950371,"FEMALE",2,350,418,"20135830",20135830,15.32,21.98,29.53,32.51,17.57,31.5,"Y","y",48.3953,-125.3314
80378,120,15131418,"FEMALE",3,585,2244,"20164839",20164839,27.19,41.29,48.06,60.05,32,0,"N","Y",54.2608,-133.4058
80378,111,15130283,"MALE",2,480,1050,"20164817",20164817,21.57,33.51,37.75,48.01,27.23,0,"N","Y",54.2204,-133.5841
80378,94,15127766,"FEMALE",4,880,8105,"20164810",20164810,36.54,69.48,74.25,102.66,53.66,0,"N","Y",54.3969,-133.2588
80378,65,15124063,"FEMALE",3,685,3545,"20164760",20164760,31.14,51.34,57.76,76.01,45.8,0,"N","Y",54.2707,-134.0304
80378,111,15130294,"FEMALE",2,520,1318,"20164818",20164818,22.6,36.77,39.38,51.42,29.44,0,"N","Y",54.2204,-133.5841
80378,10,15116822,"FEMALE",3,670,3210,"20164677",20164677,27.48,48,51.24,68.05,39.23,0,"N","Y",53.3031,-132.9011
80378,114,15130648,"FEMALE",2,480,1206,"20164831",20164831,21.71,34.77,37.7,48.21,27.7,0,"N","Y",54.1832,-133.5511
80378,115,15130748,"FEMALE",2,470,1012,"20164833",20164833,21.39,33.88,35.38,44.95,26.95,0,"N","Y",54.17,-133.4934
80378,120,15131421,"FEMALE",3,660,2950,"20164840",20164840,27.11,44.15,51.21,65.32,33.07,0,"N","Y",54.2608,-133.4058
80378,19,15117762,"MALE",3,730,4148,"20164682",20164682,30.93,50.91,55.39,75.13,42.12,0,"N","Y",53.3238,-133.2457
80378,114,15130646,"MALE",3,525,1548,"20164830",20164830,24.15,36.61,40.75,52.87,28.03,0,"N","Y",54.1832,-133.5511
80378,113,15130506,"FEMALE",2,475,975,"20164827",20164827,20.4,30.5,34.91,44.07,25.17,0,"N","Y",54.1975,-133.5866
80378,66,15124267,"FEMALE",3,665,3180,"20164766",20164766,32.65,51.43,55.43,72.39,43.71,0,"N","Y",54.2666,-134.0355
80378,116,15130879,"MALE",4,720,4835,"20164835",20164835,34.91,52.49,58.86,80.74,40.01,0,"N","Y",54.1444,-133.4296
80378,19,15117761,"MALE",3,765,3680,"20164681",20164681,32.87,48.78,51.6,74.2,41.37,0,"N","Y",53.3238,-133.2457
80378,113,15130496,"FEMALE",2,440,880,"20164822",20164822,21.46,27.78,34.46,43.91,23.23,0,"N","Y",54.1975,-133.5866
80378,94,15127747,"FEMALE",7,505,1206,"20164805",20164805,23.86,34.32,38.77,50.97,27.72,0,"N","Y",54.3969,-133.2588
80378,113,15130498,"MALE",2,455,1035,"20164824",20164824,21.36,32.79,37.02,45.38,23.58,0,"N","Y",54.1975,-133.5866
80378,19,15117760,"MALE",3,520,1416,"20164680",20164680,24.83,37.54,39.96,51.89,29.35,0,"N","Y",53.3238,-133.2457
80378,116,15130886,"FEMALE",3,710,3685,"20164837",20164837,27.19,55.18,55.8,70.99,42.88,0,"N","Y",54.1444,-133.4296
80378,96,15127982,"MALE",1,460,1032,"20164813",20164813,19.97,32.69,35.87,45.47,23.83,0,"N","Y",54.2917,-133.3806
80378,113,15130501,"MALE",2,465,1070,"20164825",20164825,21.76,32.04,35.54,44.2,25.5,0,"N","Y",54.1975,-133.5866
80378,114,15130642,"FEMALE",2,450,906,"20164829",20164829,22.14,30.87,34.12,42.25,24.44,0,"N","Y",54.1832,-133.5511
80378,111,15130295,"MALE",2,490,1170,"20164819",20164819,22.04,30.92,37.49,50.26,26.5,0,"N","y",54.2204,-133.5841
80378,96,15127985,"MALE",5,755,4936,"20164815",20164815,34.91,55.33,60.79,83.03,43.63,0,"N","y",54.2917,-133.3806
80378,94,15127765,"FEMALE",4,675,3442,"20164809",20164809,30.45,46.48,53.33,70.54,38.04,0,"N","y",54.3969,-133.2588
80378,96,15127983,"FEMALE",4,640,2966,"20164814",20164814,31.34,44.79,52.76,70.45,36.23,0,"N","y",54.2917,-133.3806
80378,94,15127749,"FEMALE",3,600,2706,"20164806",20164806,26.38,44.27,49.52,63.44,36.96,0,"N","y",54.3969,-133.2588
80378,113,15130493,"FEMALE",2,480,1135,"20164821",20164821,24.81,32.8,38.47,50.18,26.63,0,"N","y",54.1975,-133.5866
80378,111,15130279,"MALE",2,475,988,"20164816",20164816,20.83,31.59,36.7,45.3,23.97,0,"N","y",54.2204,-133.5841
80378,113,15130514,"FEMALE",2,450,915,"20164828",20164828,20.81,30.34,35.05,44.91,23.35,0,"N","y",54.1975,-133.5866
80378,115,15130759,"FEMALE",2,435,785,"20164834",20164834,21.04,29.92,32.85,41.77,23.18,0,"N","y",54.17,-133.4934
80378,114,15130655,"FEMALE",2,465,946,"20164832",20164832,21.64,28.59,37.04,46.01,24.69,0,"N","y",54.1832,-133.5511
80378,66,15124269,"FEMALE",3,630,2465,"20164767",20164767,31.03,43.67,48.57,64.37,35.63,0,"N","y",54.2666,-134.0355
80378,65,15124060,"FEMALE",3,775,4580,"20164758",20164758,34.81,56.3,65.34,88.73,44.14,0,"N","y",54.2707,-134.0304
80378,10,15116821,"MALE",3,575,2080,"20164676",20164676,29.8,41.83,49.58,63.78,32.17,0,"N","y",53.3031,-132.9011
80378,116,15130881,"FEMALE",4,750,4505,"20164836",20164836,30.96,52.48,63.62,80.45,45.44,0,"N","y",54.1444,-133.4296
80378,94,15127746,"FEMALE",7,645,2670,"20164804",20164804,23.76,44.98,52.09,64.16,35.52,0,"N","y",54.3969,-133.2588
80378,94,15127769,"FEMALE",5,615,2786,"20164811",20164811,30.01,44.16,47.81,64.56,31.91,0,"N","y",54.3969,-133.2588
80378,94,15127759,"FEMALE",4,680,3026,"20164808",20164808,31.06,45.67,53.61,72.33,40.64,0,"N","y",54.3969,-133.2588
80378,113,15130497,"FEMALE",2,495,1135,"20164823",20164823,22.56,35.2,38.74,47.12,27.95,0,"N","y",54.1975,-133.5866
80378,111,15130300,"FEMALE",2,520,1316,"",20164820,21.97,33.35,39.34,51.13,28.89,0,"N","y",54.2204,-133.5841
80378,94,15127771,"FEMALE",4,810,5915,"20164812",20164812,36.16,58.52,69.24,91.5,54.2,0,"N","y",54.3969,-133.2588
80378,19,15117759,"MALE",3,565,1968,"20164679",20164679,25.08,36.96,46.47,56.72,30.08,0,"N","y",53.3238,-133.2457
80378,66,15124264,"MALE",3,570,1528,"20164765",20164765,31.09,35.17,42.4,55.66,29.69,0,"N","y",54.2666,-134.0355
80378,10,15116818,"FEMALE",2,505,1090,"20164673",20164673,22.53,33.2,40.39,48.89,25.79,0,"N","y",53.3031,-132.9011
80378,65,15124059,"FEMALE",3,820,5185,"20164757",20164757,32.37,60.98,68.18,87.4,47.86,0,"N","y",54.2707,-134.0304
80378,113,15130502,"FEMALE",2,540,1405,"20164826",20164826,24.13,38.21,43.83,55.77,29.69,0,"N","y",54.1975,-133.5866
80378,117,15131063,"FEMALE",4,680,3128,"20164838",20164838,27.49,46.07,55.78,68.17,38.61,0,"N","y",54.1562,-133.3908
80378,94,15127757,"FEMALE",12,615,2496,"20164807",20164807,25.32,42.41,49.79,58.77,33.8,0,"N","y",54.3969,-133.2588
80378,10,15116815,"MALE",4,595,2125,"20164670",20164670,31.56,43.69,46.94,64.52,31.26,0,"N","y",53.3031,-132.9011
80378,10,15116817,"MALE",2,475,1025,"20164672",20164672,22.35,32.61,36.37,46.46,26.04,0,"N","y",53.3031,-132.9011
79190,66,14964282,"MALE",12,520,1300,"20164073",20164073,23.7,33.57,40.49,52.46,29.84,0,"N","y",49.2111,-127.0694
79190,49,14959704,"MALE",2,405,594,"20164060",20164060,18.69,26.04,30.61,37.45,19.69,0,"N","y",48.8389,-126.3308
79190,49,14959762,"FEMALE",2,495,1130,"20164068",20164068,22.07,34.41,37.38,48.89,25.07,0,"N","y",48.8389,-126.3308
80378,10,15116819,"MALE",2,495,1120,"20164674",20164674,21.51,35.13,36.37,45.68,26.91,0,"N","y",53.3031,-132.9011
79190,66,14964288,"MALE",12,580,2396,"20164076",20164076,25.47,40.23,44.7,57.46,31.34,0,"N","y",49.2111,-127.0694
79190,8,14950329,"FEMALE",2,395,594,"20135812",20135812,17.65,26.06,29.24,35.42,19.37,0,"N","y",48.3953,-125.3314
79190,8,14950334,"MALE",2,380,496,"20135815",20135815,17.72,24.06,28.34,34.63,17.63,0,"N","y",48.3953,-125.3314
79190,49,14959685,"FEMALE",2,410,634,"20164057",20164057,18.19,27.2,31.45,36.6,20.72,0,"N","y",48.8389,-126.3308
79190,8,14950327,"MALE",2,420,732,"20135810",20135810,18.39,28.04,31.06,38.33,20.03,0,"N","y",48.3953,-125.3314
79190,66,14964294,"FEMALE",12,645,2940,"20164080",20164080,26.46,45.32,50.99,62.68,36.29,0,"N","y",49.2111,-127.0694
79190,49,14959749,"MALE",2,400,586,"20164066",20164066,17.5,26.63,28.47,34.12,19.81,0,"N","y",48.8389,-126.3308
79190,49,14959743,"FEMALE",2,475,1032,"20164065",20164065,21.92,33.77,38.06,46.47,26.82,0,"N","y",48.8389,-126.3308
79190,66,14964292,"FEMALE",12,740,4436,"20164078",20164078,30.55,52.27,58.62,75.6,41.72,0,"N","y",49.2111,-127.0694
79190,8,14950330,"MALE",2,400,662,"20135813",20135813,19.04,27.02,30.36,36.3,20.68,0,"N","y",48.3953,-125.3314
79190,8,14950348,"FEMALE",2,390,548,"20135821",20135821,18.27,26.51,28.58,34.7,20.14,0,"N","y",48.3953,-125.3314
79190,42,14958533,"MALE",12,575,1960,"20164045",20164045,26.23,40.76,44.63,58.45,32.09,0,"N","y",48.8033,-126.3638
79190,42,14958515,"FEMALE",12,610,2558,"20164042",20164042,27.02,42.47,44.63,60.39,34.55,0,"N","y",48.8033,-126.3638
79190,8,14950328,"MALE",2,485,1064,"20135811",20135811,22.7,34.39,36.92,46.57,25.3,0,"N","y",48.3953,-125.3314
79190,8,14950325,"FEMALE",2,420,702,"20135809",20135809,18.87,28.03,31.52,37.2,20.08,0,"N","y",48.3953,-125.3314
79190,43,14958579,"MALE",2,460,916,"20164053",20164053,22.23,31.81,34.63,44.56,24.6,0,"N","y",48.7859,-126.4131
80378,10,15116807,"MALE",3,585,1950,"20164663",20164663,23.45,41.8,45.23,54.57,31.32,0,"N","y",53.3031,-132.9011
80378,10,15116802,"MALE",2,500,1170,"20164658",20164658,23.55,34.55,37.43,44.6,28.56,0,"N","y",53.3031,-132.9011
79190,66,14964279,"FEMALE",2,535,1566,"20164072",20164072,23.55,37.77,43.22,53.22,30.04,0,"N","y",49.2111,-127.0694
79190,43,14958580,"FEMALE",12,690,3096,"20164054",20164054,28.87,49.38,54.8,70.59,39.92,0,"N","y",48.7859,-126.4131
80378,10,15116813,"FEMALE",1,495,1040,"20164668",20164668,22.42,32.28,36.61,46.62,25.63,0,"N","y",53.3031,-132.9011
79190,49,14959705,"FEMALE",2,500,1148,"20164061",20164061,23.3,34.36,39.45,50.61,26.88,0,"N","y",48.8389,-126.3308
80378,10,15116812,"FEMALE",2,515,1215,"20164667",20164667,23.12,34.23,40.35,48.07,27.67,0,"N","y",53.3031,-132.9011
80378,10,15116820,"FEMALE",2,500,1130,"20164675",20164675,22.8,34.29,37.22,48.91,27.77,0,"N","y",53.3031,-132.9011
79190,43,14958560,"MALE",2,475,1050,"20164049",20164049,23.26,30.74,36.3,46.58,25.38,0,"N","y",48.7859,-126.4131
80378,10,15116806,"MALE",2,535,1415,"20164662",20164662,23.74,34.6,40.85,50.81,28.73,0,"N","y",53.3031,-132.9011
79190,66,14964289,"FEMALE",12,680,3594,"20164077",20164077,29.4,50.02,56.63,75.64,41.15,0,"N","y",49.2111,-127.0694
79190,49,14959693,"MALE",2,480,962,"20164058",20164058,20.84,33.23,37.4,45.27,24.35,0,"N","y",48.8389,-126.3308
79190,66,14964283,"FEMALE",12,730,4172,"20164074",20164074,29.6,55.81,58.53,77.52,42.03,0,"N","y",49.2111,-127.0694
80378,10,15116805,"FEMALE",2,500,1050,"20164661",20164661,22.89,33.04,38.32,45.97,25.57,0,"N","y",53.3031,-132.9011
79190,49,14959752,"MALE",2,480,1050,"20164067",20164067,20.75,32.55,37.46,47.77,26.05,0,"N","y",48.8389,-126.3308
80378,10,15116810,"MALE",4,665,2960,"20164666",20164666,28.42,48.61,50.42,65.66,35.51,0,"N","y",53.3031,-132.9011
80378,10,15116808,"MALE",4,630,2740,"20164664",20164664,30.09,46.6,47.03,66.4,32.6,0,"N","y",53.3031,-132.9011
79190,66,14964276,"FEMALE",12,590,1990,"20164070",20164070,27.51,39.01,46.26,60.44,33.07,0,"N","y",49.2111,-127.0694
79190,49,14959771,"FEMALE",2,400,586,"20164069",20164069,18.23,26.92,28.36,36.44,20.39,0,"N","y",48.8389,-126.3308
79190,8,14950340,"FEMALE",2,365,478,"20135818",20135818,17.04,24.04,26.66,33.32,18.97,0,"N","y",48.3953,-125.3314
79190,66,14964285,"MALE",12,560,1866,"20164075",20164075,24.46,39.57,45.04,56.54,31.97,0,"N","y",49.2111,-127.0694
79190,8,14950333,"FEMALE",2,385,512,"20135814",20135814,17.49,24.18,27.83,34.3,20.56,0,"N","y",48.3953,-125.3314
80378,10,15116801,"FEMALE",12,580,2000,"20164657",20164657,25.1,41.46,48.18,59.48,31.71,0,"N","y",53.3031,-132.9011
79190,43,14958566,"MALE",3,665,3518,"20164051",20164051,28.22,30.23,52.64,68.73,41.57,0,"N","y",48.7859,-126.4131
79190,66,14964293,"FEMALE",12,630,2850,"20164079",20164079,25.94,45.7,49.59,64.62,37.06,0,"N","y",49.2111,-127.0694
80378,10,15116824,"MALE",3,695,2990,"20164678",20164678,29.56,48.93,48.55,64.14,40.91,0,"N","y",53.3031,-132.9011
79190,43,14958583,"MALE",2,515,1310,"20164055",20164055,23.58,37.29,38.62,48.59,28.71,0,"N","y",48.7859,-126.4131
79190,49,14959719,"FEMALE",2,455,886,"20164064",20164064,20.92,31.01,37.98,44.55,25.49,0,"N","y",48.8389,-126.3308
80378,10,15116803,"MALE",2,505,1140,"20164659",20164659,22.72,35.6,40.52,52.29,30.89,0,"N","y",53.3031,-132.9011
80378,10,15116814,"FEMALE",2,575,1920,"20164669",20164669,25.56,40.77,44.66,58.22,32.79,0,"N","y",53.3031,-132.9011
79190,49,14959714,"MALE",2,505,1184,"20164063",20164063,22.89,35.02,38.58,47.53,28.6,0,"N","y",48.8389,-126.3308
79190,42,14958509,"FEMALE",12,620,3026,"20164041",20164041,28.76,50.73,51.28,68.27,38.83,0,"N","y",48.8033,-126.3638
80378,10,15116809,"MALE",2,505,1230,"20164665",20164665,23.17,34.19,38.67,50.48,28.37,0,"N","y",53.3031,-132.9011
80378,10,15116816,"MALE",2,530,1320,"20164671",20164671,23.06,39.43,41.92,51.3,28.7,0,"N","y",53.3031,-132.9011
79190,66,14964277,"FEMALE",12,715,3974,"20164071",20164071,29.88,56.91,61.36,77.3,44.81,0,"N","y",49.2111,-127.0694
79190,8,14950338,"MALE",2,360,440,"20135817",20135817,17.46,24.96,27.71,33.72,19.69,0,"N","y",48.3953,-125.3314
80378,10,15116804,"MALE",3,555,1635,"20164660",20164660,24.09,40.79,44.13,54.25,31.94,0,"N","y",53.3031,-132.9011
80378,19,15117763,"FEMALE",3,525,1486,"20164683",20164683,24.1,38.46,39.68,52.2,30.27,0,"N","y",53.3238,-133.2457
79190,43,14958559,"MALE",12,580,2102,"20164048",20164048,26.59,41.18,42.04,54.48,29.84,0,"N","y",48.7859,-126.4131
80378,86,15126755,"MALE",4,590,2120,"20164795",20164795,27.19,38.21,42.13,57.54,29.72,0,"N","y",53.9891,-133.6322
80378,64,15123977,"FEMALE",2,575,1792,"20164741",20164741,23.55,29.74,35.87,46.54,26.26,0,"N","y",54.1474,-133.5825
80378,88,15127035,"FEMALE",4,590,2466,"20164803",20164803,27.16,41.77,45.76,61.36,32.69,0,"N","y",54.0891,-133.5399
80378,64,15123986,"MALE",1,470,1010,"20164748",20164748,22.79,32.22,34.83,43.75,23.56,0,"N","y",54.1474,-133.5825
79190,49,14959681,"FEMALE",2,500,1178,"20164056",20164056,20.85,35.73,39.16,47.36,24.93,0,"N","y",48.8389,-126.3308
79190,42,14958519,"MALE",2,505,1326,"20164043",20164043,23.16,34.62,36.57,46.33,27.33,0,"N","y",48.8033,-126.3638
80378,64,15123984,"FEMALE",2,535,1540,"20164746",20164746,23.41,38.95,42.67,51.28,28.8,0,"N","y",54.1474,-133.5825
79190,24,14953410,"MALE",12,615,2532,"20135861",20135861,28.3,45.91,48,63.28,33.9,0,"N","y",48.3775,-126.0324
79190,24,14953413,"MALE",12,670,2742,"20135862",20135862,30.75,45.66,52.88,70.91,36.48,0,"N","y",48.3775,-126.0324
79190,117,14975425,"FEMALE",2,575,1696,"20164084",20164084,25.37,40.15,45.64,55.76,30.07,0,"N","y",50.3976,-128.3933
80378,61,15123601,"MALE",2,515,1314,"20164737",20164737,24.89,34.08,40.71,53.84,29.9,0,"N","y",54.1089,-133.5954
80378,64,15123972,"FEMALE",2,560,1632,"20164739",20164739,25.88,37.23,42.59,53.58,28.07,0,"N","y",54.1474,-133.5825
80378,86,15126740,"MALE",2,490,1135,"20164789",20164789,23.03,33.33,36.14,46.64,24.57,0,"N","y",53.9891,-133.6322
79190,42,14958523,"FEMALE",2,485,1058,"20164044",20164044,23.24,34.05,34.8,46.09,23.82,0,"N","y",48.8033,-126.3638
79190,117,14975426,"FEMALE",3,550,1478,"20164085",20164085,22.9,36.93,42.8,53.15,28.69,0,"N","y",50.3976,-128.3933
79190,49,14959707,"MALE",2,450,872,"20164062",20164062,21.28,30.29,35.21,42.11,20.97,0,"N","y",48.8389,-126.3308
79190,49,14959697,"FEMALE",2,475,1044,"20164059",20164059,23.53,33.17,37.55,48.92,27.9,0,"N","y",48.8389,-126.3308
79190,24,14953414,"MALE",12,570,1760,"20135863",20135863,28.27,38.96,42.17,58.84,35.09,0,"N","y",48.3775,-126.0324
80378,64,15123981,"FEMALE",2,570,2274,"20164744",20164744,24.77,41.42,43.15,55.26,31.19,0,"N","y",54.1474,-133.5825
79190,117,14975434,"FEMALE",1,480,968,"20164088",20164088,22.18,28.76,34.44,44.73,24.35,0,"N","y",50.3976,-128.3933
79190,24,14953477,"MALE",12,635,2740,"20135876",20135876,32.53,45.05,50.32,66.46,33.25,0,"N","y",48.3775,-126.0324
79190,24,14953418,"MALE",12,645,2554,"20135864",20135864,30.38,47.1,50.13,65.24,35.48,0,"N","y",48.3775,-126.0324
80378,88,15127032,"FEMALE",5,725,4494,"20164800",20164800,31.84,50.5,54.93,73.96,35.57,0,"N","y",54.0891,-133.5399
79190,42,14958507,"FEMALE",12,675,3166,"20164040",20164040,27.99,52.66,55.02,72.43,40.22,0,"N","y",48.8033,-126.3638
80378,64,15123978,"FEMALE",2,560,1590,"",20164742,26.41,38.52,42.49,54.68,30.82,0,"N","y",54.1474,-133.5825
80378,64,15123983,"FEMALE",2,545,1480,"20164745",20164745,25.72,37.98,44.31,55.6,30.27,0,"N","y",54.1474,-133.5825
79190,42,14958543,"FEMALE",12,590,1992,"20164047",20164047,26.14,40.14,49.13,58,32.52,0,"N","y",48.8033,-126.3638
79190,24,14953529,"MALE",12,545,1772,"20135881",20135881,25.9,36.89,42.41,55.56,31.22,0,"N","y",48.3775,-126.0324
80378,88,15127033,"FEMALE",5,660,3564,"20164801",20164801,29.61,44.57,49.46,66.64,34.51,0,"N","y",54.0891,-133.5399
79190,24,14953464,"FEMALE",2,470,898,"20135875",20135875,23.43,29.4,36.13,45.04,23.38,0,"N","y",48.3775,-126.0324
79190,24,14953438,"MALE",12,585,2266,"20135870",20135870,26.64,43.73,46.83,58.91,32.1,0,"N","y",48.3775,-126.0324
79190,24,14953430,"MALE",12,660,2648,"20135868",20135868,25.96,47.52,53.24,69.07,32.18,0,"N","y",48.3775,-126.0324
79190,24,14953425,"MALE",12,590,1980,"20135866",20135866,26.34,44.79,47.92,61.64,33.61,0,"N","y",48.3775,-126.0324
80378,64,15123973,"FEMALE",2,550,1614,"20164740",20164740,24.53,38.5,42.25,53.1,30.81,0,"N","y",54.1474,-133.5825
79190,117,14975422,"FEMALE",3,655,3006,"20164082",20164082,28,46.34,53.09,67.75,38.71,0,"N","y",50.3976,-128.3933
79190,24,14953427,"MALE",12,570,1958,"20135867",20135867,25.98,38.24,44.64,58.16,26.91,0,"N","y",48.3775,-126.0324
80378,60,15123527,"MALE",4,740,5210,"20164736",20164736,31.93,52.57,56.64,77.89,39.82,0,"N","y",54.0742,-133.6323
79190,24,14953447,"MALE",12,615,2470,"20135872",20135872,27.3,42.93,44.21,60.39,33,0,"N","y",48.3775,-126.0324
80378,64,15123985,"FEMALE",2,700,3640,"20164747",20164747,30.31,50.53,57.51,74.11,40.79,0,"N","y",54.1474,-133.5825
80378,60,15123526,"FEMALE",4,780,5078,"20164735",20164735,33.41,57,63.55,84.47,44.67,0,"N","y",54.0742,-133.6323
79190,24,14953421,"MALE",12,620,2530,"20135865",20135865,27.23,43.02,50.82,63.41,36.59,0,"N","y",48.3775,-126.0324
79190,40,14957590,"FEMALE",12,655,2590,"20164035",20164035,27.31,46.62,51.52,66.78,37.34,0,"N","y",48.7529,-126.4634
80378,61,15123602,"FEMALE",2,515,1282,"20164738",20164738,22.64,33.21,40.13,50.6,27.09,0,"N","y",54.1089,-133.5954
80378,64,15123987,"MALE",1,470,1035,"",20164749,23.16,35.1,37.7,49.45,26.85,0,"N","y",54.1474,-133.5825
79190,24,14953451,"MALE",2,525,1420,"20135873",20135873,21.78,35.54,42.32,50.86,27.81,0,"N","y",48.3775,-126.0324
79190,43,14958571,"MALE",2,510,1182,"20164052",20164052,23.38,37.29,38.85,50.16,28.16,0,"N","y",48.7859,-126.4131
79190,26,14954950,"FEMALE",2,470,842,"20135897",20135897,23.35,29.68,35.23,44.99,25.48,0,"N","y",48.4265,-126.0982
80378,64,15123988,"MALE",0,705,3385,"20164750",20164750,31.17,47.32,52.72,71.2,38.11,0,"N","y",54.1474,-133.5825
79190,117,14975431,"MALE",3,655,3184,"20164087",20164087,27.46,45.58,53.49,68.3,36.81,0,"N","y",50.3976,-128.3933
79190,42,14958541,"FEMALE",12,705,3850,"20164046",20164046,29.82,49.35,57.21,73.01,42.51,0,"N","y",48.8033,-126.3638
79190,40,14957528,"MALE",12,740,4580,"20164024",20164024,37.19,48.25,56.22,80.91,39.28,0,"N","y",48.7529,-126.4634
80378,60,15123522,"FEMALE",5,960,11320,"20164734",20164734,44.68,75.97,81.53,122.95,57.29,0,"N","y",54.0742,-133.6323
79190,43,14958562,"FEMALE",12,805,5832,"20164050",20164050,37.41,59.65,67.93,93.22,49.34,0,"N","y",48.7859,-126.4131
79190,24,14953443,"FEMALE",12,690,3510,"20135871",20135871,30.67,50.33,56.71,74.37,39.39,0,"N","y",48.3775,-126.0324
79190,40,14957582,"MALE",12,640,2808,"20164033",20164033,28.84,43.81,52.8,68.79,34.73,0,"N","y",48.7529,-126.4634
79190,40,14957589,"FEMALE",2,615,2308,"20164034",20164034,26.6,39.99,48.39,60,32,0,"N","y",48.7529,-126.4634
79190,40,14957592,"MALE",12,660,3022,"20164036",20164036,33.58,46.84,53.17,70.84,35.46,0,"N","y",48.7529,-126.4634
79190,117,14975427,"FEMALE",9,830,6632,"20164086",20164086,33.39,62.13,66.68,90.71,47.71,0,"N","y",50.3976,-128.3933
80378,64,15123980,"MALE",1,535,1406,"20164743",20164743,25.5,31.41,40.38,52.2,26.66,0,"N","y",54.1474,-133.5825
79190,40,14957573,"MALE",12,555,2022,"20164031",20164031,28.62,42.2,45.21,60.34,31.88,0,"N","y",48.7529,-126.4634
79190,37,14957297,"MALE",1,380,438,"20164018",20164018,18.2,24.61,29.79,34.89,20.91,0,"N","y",48.6552,-125.9665
79190,125,14977491,"MALE",2,510,1332,"20164105",20164105,22.15,35.5,40.6,51.27,30.28,0,"N","y",49.1761,-126.9626
79190,32,14955717,"FEMALE",2,535,1516,"20164016",20164016,23.62,37.57,42.27,53.36,31.19,0,"N","y",48.656,-126.2576
79190,40,14957593,"MALE",2,525,1428,"20164037",20164037,23.82,36.08,43.52,56.78,29.6,0,"N","y",48.7529,-126.4634
79190,37,14957299,"FEMALE",1,345,360,"20164020",20164020,17.83,22.4,26.4,30.83,15.95,0,"N","y",48.6552,-125.9665
79190,37,14957300,"FEMALE",1,370,480,"20164021",20164021,17.92,25.41,30.13,34.84,18.92,0,"N","y",48.6552,-125.9665
79190,32,14955710,"MALE",12,595,2512,"20164012",20164012,25.13,40.54,46.14,59,33.18,0,"N","y",48.656,-126.2576
79190,124,14977292,"FEMALE",2,540,1686,"20164102",20164102,25.25,34.65,42.8,52.61,26.92,0,"N","y",49.2718,-127.1346
79190,125,14977493,"FEMALE",2,515,1302,"20164106",20164106,22.8,34.59,42.28,51.66,28.15,0,"N","y",49.1761,-126.9626
79190,122,14976766,"MALE",12,530,1840,"20164090",20164090,26.21,38.97,44.63,58.01,30,0,"N","y",49.3417,-127.218
79190,37,14957298,"MALE",1,360,430,"20164019",20164019,17.28,23.03,27.55,32.93,18.85,0,"N","y",48.6552,-125.9665
79190,138,14980677,"MALE",2,560,1740,"",20164115,23.34,37.78,42.75,54.61,30.82,0,"N","y",49.0284,-126.8733
79190,32,14955684,"FEMALE",12,610,2332,"20164005",20164005,26.53,43.15,49.21,67.18,34.91,0,"N","y",48.656,-126.2576
79190,40,14957547,"MALE",12,545,1842,"20164028",20164028,25.26,38.65,43.4,55.45,30.14,0,"N","y",48.7529,-126.4634
79190,40,14957552,"MALE",12,575,1988,"20164029",20164029,31.96,38.65,45.16,64.52,29.63,0,"N","y",48.7529,-126.4634
79190,40,14957540,"MALE",12,675,3038,"20164026",20164026,32.09,51.06,53.12,71.25,37.67,0,"N","y",48.7529,-126.4634
79190,129,14978575,"FEMALE",7,660,2915,"20164112",20164112,28.07,51.08,53.62,70.22,38.59,0,"N","y",49.1215,-126.9065
79190,32,14955691,"MALE",12,650,3842,"20164007",20164007,31.32,47.59,54.59,73.52,39.63,0,"N","y",48.656,-126.2576
79190,122,14976947,"FEMALE",2,560,2064,"20164101",20164101,25.75,38.58,47.61,56.95,31.84,0,"N","y",49.3417,-127.218
79190,37,14957302,"MALE",1,350,372,"20164023",20164023,18.15,21.23,25.94,33.31,16.78,0,"N","y",48.6552,-125.9665
79190,37,14957296,"MALE",1,340,322,"20164017",20164017,17.63,20.86,25.37,29.15,16.27,0,"N","y",48.6552,-125.9665
79190,122,14976765,"FEMALE",2,565,2564,"20164089",20164089,25.94,41.73,48.1,61.3,32.33,0,"N","y",49.3417,-127.218
79190,40,14957567,"MALE",12,610,2558,"20164030",20164030,28.66,44.17,50.14,66.1,33.44,0,"N","y",48.7529,-126.4634
79190,32,14955714,"MALE",12,605,2322,"20164014",20164014,26.03,41.02,47.75,61.07,32.18,0,"N","y",48.656,-126.2576
79190,32,14955708,"MALE",12,565,2190,"20164011",20164011,26.86,40.58,43.69,58.86,29.64,0,"N","y",48.656,-126.2576
80378,8,15116650,"MALE",4,605,2184,"20164647",20164647,30.13,42.02,48.28,63.67,35.3,0,"N","y",53.1914,-132.9991
79190,32,14955696,"MALE",12,550,1848,"20164009",20164009,25.34,39.36,45.7,57.3,31.96,0,"N","y",48.656,-126.2576
79190,40,14957545,"MALE",2,555,1664,"20164027",20164027,25.36,37.98,44.17,55.37,30.33,0,"N","y",48.7529,-126.4634
79190,125,14977516,"FEMALE",12,490,1182,"20164110",20164110,23.08,34.61,38.89,48.63,26.04,0,"N","y",49.1761,-126.9626
79190,125,14977494,"FEMALE",12,445,930,"20164107",20164107,21.22,28.14,36.19,46.57,24.28,0,"N","y",49.1761,-126.9626
79190,117,14975424,"FEMALE",2,595,1910,"20164083",20164083,23.93,41.18,45.67,56.06,33.12,0,"N","y",50.3976,-128.3933
79190,122,14976774,"MALE",2,500,1350,"20164092",20164092,23.26,34.91,38.65,49.74,26.68,0,"N","y",49.3417,-127.218
79190,129,14978489,"FEMALE",2,570,1795,"20164111",20164111,25.33,39.36,44.73,60.4,33.31,0,"N","y",49.1215,-126.9065
80378,8,15116657,"MALE",4,585,2115,"20164653",20164653,30.18,41.67,46.01,60.95,31.98,0,"N","y",53.1914,-132.9991
79190,125,14977499,"FEMALE",12,680,3048,"20164108",20164108,27.3,48.86,57.14,72.59,39.41,0,"N","y",49.1761,-126.9626
79190,37,14957301,"FEMALE",1,345,354,"20164022",20164022,16.16,20.49,25.69,30.52,17.11,0,"N","y",48.6552,-125.9665
79190,122,14976783,"MALE",3,605,3104,"20164093",20164093,29.25,41.23,48.42,64.51,34.2,0,"N","y",49.3417,-127.218
80378,8,15116645,"MALE",4,565,1920,"20164642",20164642,29.74,39.64,42.58,55.76,29.06,0,"N","y",53.1914,-132.9991
79190,40,14957532,"MALE",12,565,1844,"20164025",20164025,24.56,37.41,43.91,57.62,33.74,0,"N","y",48.7529,-126.4634
79190,32,14955693,"FEMALE",12,660,3410,"20164008",20164008,29.7,48.89,54.56,71.41,36.7,0,"N","y",48.656,-126.2576
79190,32,14955701,"MALE",12,705,3650,"20164010",20164010,32.17,52.2,55.21,74.82,41.45,0,"N","y",48.656,-126.2576
79190,125,14977513,"MALE",2,495,1150,"20164109",20164109,22.28,33.13,37.15,46.66,23.77,0,"N","y",49.1761,-126.9626
79190,129,14978580,"MALE",2,455,925,"",20164113,22.33,31.6,33.25,43.41,23.75,0,"N","y",49.1215,-126.9065
79190,122,14976834,"FEMALE",2,550,1688,"20164095",20164095,24.95,37.94,43.12,55.08,31.07,0,"N","y",49.3417,-127.218
79190,122,14976842,"FEMALE",3,600,2762,"20164096",20164096,28.04,38.65,44.63,58.84,30.75,0,"N","y",49.3417,-127.218
79190,122,14976877,"MALE",3,725,3686,"20164099",20164099,31.58,46.81,51.27,73.19,37.13,0,"N","y",49.3417,-127.218
79190,124,14977314,"MALE",4,695,3816,"20164104",20164104,32.44,48.03,52.64,74.09,36.31,0,"N","y",49.2718,-127.1346
79190,124,14977294,"FEMALE",2,565,2142,"20164103",20164103,25.99,39.29,42.54,52.43,29.14,0,"N","y",49.2718,-127.1346
79190,122,14976869,"FEMALE",12,635,3514,"20164097",20164097,29.11,45.78,51.28,67.76,36.06,0,"N","y",49.3417,-127.218
80378,8,15116646,"MALE",4,640,2678,"20164643",20164643,29.75,48.16,48.09,63.72,33.85,0,"N","y",53.1914,-132.9991
80378,8,15116640,"FEMALE",3,710,3510,"20164637",20164637,29.99,50.67,52.43,70.88,37.59,0,"N","y",53.1914,-132.9991
79190,122,14976811,"MALE",12,670,2804,"20164094",20164094,34.07,45.55,49.9,66.09,31.33,0,"N","y",49.3417,-127.218
79190,32,14955711,"MALE",12,645,3090,"20164013",20164013,29.38,49.5,50.54,67.6,35.38,0,"N","y",48.656,-126.2576
79190,122,14976874,"FEMALE",12,635,3164,"20164098",20164098,28.58,46.08,51.97,68.55,34.87,0,"N","y",49.3417,-127.218
79190,32,14955686,"FEMALE",12,695,3318,"20164006",20164006,28.66,48.85,55.73,72.89,37.71,0,"N","y",48.656,-126.2576
79190,122,14976891,"FEMALE",12,595,2656,"20164100",20164100,26.73,43.21,46.88,61.6,31.1,0,"N","y",49.3417,-127.218
79190,40,14957578,"MALE",12,655,3236,"20164032",20164032,28.84,45.32,50.83,65.32,36.58,0,"N","y",48.7529,-126.4634
79190,32,14955716,"FEMALE",12,715,3958,"20164015",20164015,31.86,54.05,56.44,73.24,40.36,0,"N","y",48.656,-126.2576
79190,40,14957594,"MALE",12,700,3422,"20164038",20164038,31.29,52.83,53.83,74.03,37.59,0,"N","y",48.7529,-126.4634
80378,40,15120542,"MALE",3,600,2335,"20164701",20164701,29.29,40.55,48.18,63.41,30.69,0,"N","y",54.2388,-133.4154
80378,8,15116653,"MALE",4,575,1970,"20164649",20164649,28.46,40.58,45.54,59.12,30.35,0,"N","y",53.1914,-132.9991
80378,7,15116568,"FEMALE",3,550,1714,"20164632",20164632,29.06,35.07,40.53,54.17,26.27,0,"N","y",53.0789,-132.8761
80378,40,15120544,"MALE",1,540,1590,"20164702",20164702,23.21,35.77,41.53,51.73,28.36,0,"N","y",54.2388,-133.4154
80378,26,15118839,"FEMALE",3,650,2990,"20164688",20164688,27.28,46.55,51.5,66.6,34.66,0,"N","y",53.6868,-133.3282
80378,26,15118835,"MALE",4,520,1650,"20164685",20164685,30.05,38.2,39.92,52.75,26.26,0,"N","y",53.6868,-133.3282
80378,8,15116652,"MALE",3,695,2940,"20164648",20164648,34.24,47.69,48.6,69.88,35.67,0,"N","y",53.1914,-132.9991
80378,8,15116656,"MALE",3,580,1805,"20164652",20164652,29.28,40.17,41.62,55.44,26.5,0,"N","y",53.1914,-132.9991
80378,7,15116565,"MALE",4,670,3188,"20164629",20164629,29.2,50.38,53.44,68.9,37.7,0,"N","y",53.0789,-132.8761
80378,8,15116659,"MALE",4,645,2555,"20164655",20164655,30.69,42.55,49.72,64.8,34.63,0,"N","y",53.1914,-132.9991
80378,26,15118846,"MALE",4,610,2565,"20164690",20164690,27.46,43.48,46.17,59.26,32.74,0,"N","y",53.6868,-133.3282
80378,8,15116643,"MALE",3,555,1774,"20164640",20164640,27.37,42.36,41.35,55.5,28.77,0,"N","y",53.1914,-132.9991
80378,8,15116654,"MALE",4,560,1780,"20164650",20164650,30.17,38.33,39.8,55.3,25.44,0,"N","y",53.1914,-132.9991
80378,40,15120545,"MALE",2,510,1410,"20164703",20164703,22.59,36.51,38.69,48.89,29.03,0,"N","y",54.2388,-133.4154
80378,7,15116564,"MALE",3,625,2332,"20164628",20164628,28.3,43.89,43.61,57.83,31.6,0,"N","y",53.0789,-132.8761
80378,8,15116649,"MALE",4,605,2036,"20164646",20164646,32.41,42.21,48.08,64.26,31.77,0,"N","y",53.1914,-132.9991
80378,7,15116567,"MALE",12,665,2572,"20164631",20164631,32.33,48.04,48.5,69.07,34.23,0,"N","y",53.0789,-132.8761
80378,26,15118836,"FEMALE",4,715,4160,"20164686",20164686,33.53,52.66,57.17,76.58,38.58,0,"N","y",53.6868,-133.3282
80378,26,15118850,"MALE",4,595,2110,"20164691",20164691,31.15,40.87,43.76,61.09,28.11,0,"N","y",53.6868,-133.3282
80378,65,15124052,"MALE",4,675,3515,"20164752",20164752,33.5,51.62,51.99,73.64,37.75,0,"N","y",54.2707,-134.0304
80378,8,15116648,"MALE",3,540,1718,"20164645",20164645,27.77,40.24,41.72,54.12,29.03,0,"N","y",53.1914,-132.9991
80378,65,15124068,"MALE",4,635,2445,"20164762",20164762,31.69,44.43,48.34,63.25,33.05,0,"N","y",54.2707,-134.0304
80378,7,15116572,"MALE",3,680,3035,"20164636",20164636,33.48,47.49,49.35,67.66,36,0,"N","y",53.0789,-132.8761
80378,65,15124054,"MALE",3,755,3905,"20164753",20164753,34.38,53.62,54.79,75.91,40.55,0,"N","y",54.2707,-134.0304
80378,8,15116642,"MALE",3,620,2262,"20164639",20164639,26.18,42.1,45.91,59.74,32.31,0,"N","y",53.1914,-132.9991
80378,40,15120530,"FEMALE",2,590,2268,"20164694",20164694,27.24,41.13,45.65,57.9,33.76,0,"N","y",54.2388,-133.4154
80378,65,15124078,"FEMALE",3,625,2360,"20164764",20164764,29.65,43.87,50.09,64.09,32.25,0,"N","y",54.2707,-134.0304
80378,7,15116563,"MALE",4,720,3540,"20164627",20164627,29.5,46.77,55.68,69.55,39.33,0,"N","y",53.0789,-132.8761
80378,26,15118838,"MALE",4,610,2145,"20164687",20164687,28.39,42.07,45.16,60.48,31.07,0,"N","y",53.6868,-133.3282
80378,8,15116641,"MALE",12,685,2666,"20164638",20164638,32.66,45.25,50.43,70.05,36.49,0,"N","y",53.1914,-132.9991
80378,26,15118833,"MALE",4,635,2696,"20164684",20164684,29.23,44.78,49.47,66.03,33.99,0,"N","y",53.6868,-133.3282
80378,7,15116569,"FEMALE",4,620,2500,"20164633",20164633,31.42,44.81,50.46,69.31,33.55,0,"N","y",53.0789,-132.8761
80378,7,15116560,"MALE",3,620,2192,"20164624",20164624,29.62,41.4,45.89,61.33,31.24,0,"N","y",53.0789,-132.8761
80378,40,15120531,"FEMALE",2,620,2274,"20164695",20164695,27.7,41.24,50.97,66.46,32.64,0,"N","y",54.2388,-133.4154
80378,40,15120529,"MALE",1,495,1138,"20164693",20164693,21.54,30.93,36.4,47.17,24.68,0,"N","y",54.2388,-133.4154
80378,40,15120534,"MALE",4,650,2820,"20164698",20164698,29.02,44.85,49.92,66.85,34.59,0,"N","y",54.2388,-133.4154
80378,65,15124075,"MALE",4,625,2305,"20164763",20164763,28.5,39.96,45.38,62.32,32.9,0,"N","y",54.2707,-134.0304
80378,40,15120548,"FEMALE",3,700,3205,"20164705",20164705,31.21,48.17,52.87,70.32,38.14,0,"N","y",54.2388,-133.4154
80378,8,15116655,"MALE",4,550,1760,"20164651",20164651,27.23,36.37,39.28,53.09,27.38,0,"N","y",53.1914,-132.9991
80378,65,15124066,"FEMALE",3,655,3065,"20164761",20164761,32.35,50.2,55.78,72.8,37.22,0,"N","y",54.2707,-134.0304
80378,8,15116658,"MALE",3,700,3135,"20164654",20164654,29.91,49.76,54.2,70.71,39.03,0,"N","y",53.1914,-132.9991
80378,7,15116561,"MALE",3,550,1976,"20164625",20164625,30.29,40.81,45.03,60.53,30.62,0,"N","y",53.0789,-132.8761
80378,7,15116570,"FEMALE",4,695,3200,"20164634",20164634,30.92,50.2,56.67,73.12,40.54,0,"N","y",53.0789,-132.8761
80378,40,15120533,"FEMALE",2,595,2312,"20164697",20164697,28.25,44.58,47.78,62.66,35.8,0,"N","y",54.2388,-133.4154
80378,65,15124055,"FEMALE",3,655,2860,"20164754",20164754,29.09,45.54,53.71,65.65,37.78,0,"N","y",54.2707,-134.0304
80378,7,15116558,"MALE",3,640,2450,"20164622",20164622,31.12,44.3,50.13,70.25,39.76,0,"N","y",53.0789,-132.8761
80378,7,15116559,"MALE",3,650,2716,"20164623",20164623,31.15,45.02,52.27,68.05,37.04,0,"N","y",53.0789,-132.8761
80378,40,15120539,"FEMALE",3,670,3820,"20164699",20164699,27.76,48.67,55.52,68.23,44.21,0,"N","y",54.2388,-133.4154
80378,7,15116566,"MALE",3,645,2176,"20164630",20164630,30.78,42.91,45.57,61.02,38.54,0,"N","y",53.0789,-132.8761
80378,7,15116562,"MALE",4,600,2196,"20164626",20164626,26.08,40.32,45.51,58.85,33.68,0,"N","y",53.0789,-132.8761
80378,40,15120546,"MALE",1,510,1480,"20164704",20164704,23.14,39.74,40.47,50.01,30.44,0,"N","y",54.2388,-133.4154
80378,8,15116660,"MALE",4,545,1770,"20164656",20164656,28.22,35.17,43.27,56.21,28.04,0,"N","y",53.1914,-132.9991
80378,65,15124056,"MALE",3,675,3045,"20164755",20164755,30.28,46.49,50.07,70.8,38.81,0,"N","y",54.2707,-134.0304
80378,40,15120540,"FEMALE",2,605,2195,"20164700",20164700,26.82,41.1,48.05,59.69,36.25,0,"N","y",54.2388,-133.4154
80378,8,15116644,"MALE",3,630,2124,"20164641",20164641,29.75,44.03,49.76,66.39,37.46,0,"N","y",53.1914,-132.9991
80378,65,15124051,"MALE",4,670,3200,"20164751",20164751,31.84,46.36,52.26,69.48,39.95,0,"N","y",54.2707,-134.0304
80378,7,15116571,"MALE",3,545,1750,"20164635",20164635,26.66,36.61,39.39,52.75,29.98,0,"N","y",53.0789,-132.8761
80378,26,15118843,"FEMALE",3,650,2490,"20164689",20164689,26.87,45.54,50.22,66.23,38.25,0,"N","y",53.6868,-133.3282
80378,26,15118852,"MALE",4,615,2460,"20164692",20164692,28.73,42.2,47.16,61.85,34.92,0,"N","y",53.6868,-133.3282
80378,40,15120532,"MALE",4,570,1990,"20164696",20164696,26.13,41.83,46.81,57.01,33.77,0,"N","y",54.2388,-133.4154
80378,65,15124057,"FEMALE",4,745,3715,"20164756",20164756,33.3,49.06,55.37,79.47,42.28,0,"N","y",54.2707,-134.0304
80378,65,15124061,"MALE",3,680,2790,"20164759",20164759,30.2,45.07,48.8,70.1,35.74,0,"N","y",54.2707,-134.0304
80378,8,15116647,"MALE",4,560,1758,"20164644",20164644,28.09,38.7,41.89,54.26,30.35,0,"N","y",53.1914,-132.9991
79190,40,14957596,"FEMALE",12,840,8132,"20164039",20164039,35.96,66.05,68.16,98.58,59.72,0,"N","Y",48.7529,-126.4634
0,0,1,"MALE",0,240,0,"",2016001,12.13,14.98,14.22,19.12,9.89,0,"N","N",,
0,0,2,"MALE",0,260,0,"",2016002,10.75,13.97,17.47,19.23,11.33,0,"N","N",,
0,0,3,"MALE",0,240,0,"",2016003,11.94,16.43,14.4,17.46,12.23,0,"N","N",,
0,0,4,"MALE",0,250,0,"",2016004,12.64,17.94,16.22,18.56,12.03,0,"N","N",,
0,0,5,"MALE",0,245,0,"",2016005,12.02,15.52,18.01,19.4,12.9,0,"N","N",,
0,0,6,"MALE",0,245,0,"",2016006,12.44,14.06,15.28,20.03,12,0,"N","N",,
0,0,7,"MALE",0,245,0,"",2016007,12.38,15.55,15.97,19.36,12.49,0,"N","N",,
